date,y,discount_rate,coupon_rate,y_diff
2018-01-01,6270839.0,34.27%,1.09%,
2018-01-02,8922076.0,30.87%,1.08%,2651237.0
2018-01-03,8446101.0,28.11%,1.01%,-475975.0
2018-01-04,7785798.0,27.32%,0.96%,-660303.0
2018-01-05,6375303.0,25.70%,0.90%,-1410495.0
2018-01-06,6095418.0,25.02%,0.87%,-279885.0
2018-01-07,7661844.0,25.33%,1.06%,1566426.0
2018-01-08,7036112.0,24.83%,1.03%,-625732.0
2018-01-09,7100900.0,25.11%,1.00%,64788.0
2018-01-10,7148865.0,25.16%,0.91%,47965.0
2018-01-11,7013113.0,26.55%,0.90%,-135752.0
2018-01-12,6094297.0,25.81%,0.94%,-918816.0
2018-01-13,5647838.0,23.46%,0.93%,-446459.0
2018-01-14,7377005.0,23.76%,1.11%,1729167.0
2018-01-15,6736977.0,24.39%,0.99%,-640028.0
2018-01-16,7194062.0,26.07%,0.98%,457085.0
2018-01-17,7124206.0,24.64%,0.93%,-69856.0
2018-01-18,6670106.0,24.99%,0.93%,-454100.0
2018-01-19,5805801.0,25.60%,0.98%,-864305.0
2018-01-20,5792547.0,24.79%,0.95%,-13254.0
2018-01-21,7430284.0,23.32%,1.07%,1637737.0
2018-01-22,6538657.0,23.36%,1.02%,-891627.0
2018-01-23,6973820.0,27.27%,1.05%,435163.0
2018-01-24,6555452.0,25.33%,0.93%,-418368.0
2018-01-25,6199426.0,25.37%,0.92%,-356026.0
2018-01-26,7464262.0,29.88%,7.90%,1264836.0
2018-01-27,6570872.0,26.94%,6.65%,-893390.0
2018-01-28,9382441.0,26.40%,7.30%,2811569.0
2018-01-29,5902767.0,20.10%,0.95%,-3479674.0
2018-01-30,6047600.0,20.12%,0.89%,144833.0
2018-01-31,6460824.0,20.34%,0.91%,413224.0
2018-02-01,6108498.0,20.17%,0.83%,-352326.0
2018-02-02,5203061.0,19.23%,0.85%,-905437.0
2018-02-03,5445384.0,18.19%,0.85%,242323.0
2018-02-04,6537030.0,14.86%,1.01%,1091646.0
2018-02-05,6024455.0,19.39%,0.98%,-512575.0
2018-02-06,6430525.0,19.23%,0.91%,406070.0
2018-02-07,5934381.0,18.51%,0.86%,-496144.0
2018-02-08,5890259.0,22.04%,0.90%,-44122.0
2018-02-09,5648454.0,24.59%,0.93%,-241805.0
2018-02-10,5153653.0,21.47%,0.92%,-494801.0
2018-02-11,6477649.0,18.89%,1.08%,1323996.0
2018-02-12,5914438.0,19.79%,1.11%,-563211.0
2018-02-13,5975411.0,23.59%,0.97%,60973.0
2018-02-14,5918666.0,20.16%,0.93%,-56745.0
2018-02-15,6468033.0,23.48%,0.87%,549367.0
2018-02-16,5431671.0,23.00%,0.86%,-1036362.0
2018-02-17,5788163.0,21.08%,0.89%,356492.0
2018-02-18,6766567.0,17.84%,1.01%,978404.0
2018-02-19,6225450.0,19.65%,1.01%,-541117.0
2018-02-20,6278211.0,18.91%,0.92%,52761.0
2018-02-21,6497016.0,22.81%,0.95%,218805.0
2018-02-22,6260193.0,21.31%,0.91%,-236823.0
2018-02-23,5233502.0,20.64%,0.90%,-1026691.0
2018-02-24,5751533.0,24.10%,1.02%,518031.0
2018-02-25,7286600.0,18.36%,1.35%,1535067.0
2018-02-26,6221031.0,15.40%,1.03%,-1065569.0
2018-02-27,6777082.0,18.72%,1.00%,556051.0
2018-02-28,6875978.0,17.32%,1.18%,98896.0
2018-03-01,6941968.0,18.01%,1.36%,65990.0
2018-03-02,6042518.0,17.33%,1.44%,-899450.0
2018-03-03,6368153.0,15.67%,1.48%,325635.0
2018-03-04,8294406.0,14.38%,1.67%,1926253.0
2018-03-05,7119386.0,14.25%,1.56%,-1175020.0
2018-03-06,7426038.0,15.54%,1.41%,306652.0
2018-03-07,8068561.0,16.55%,1.28%,642523.0
2018-03-08,6930138.0,15.15%,1.22%,-1138423.0
2018-03-09,7086706.0,12.43%,4.89%,156568.0
2018-03-10,7827741.0,11.79%,5.48%,741035.0
2018-03-11,11719496.0,8.89%,7.06%,3891755.0
2018-03-12,7291120.0,10.41%,1.38%,-4428376.0
2018-03-13,7390332.0,13.57%,1.18%,99212.0
2018-03-14,7750793.0,13.64%,1.19%,360461.0
2018-03-15,7071170.0,14.00%,1.09%,-679623.0
2018-03-16,6524949.0,14.28%,1.06%,-546221.0
2018-03-17,6954426.0,13.95%,0.88%,429477.0
2018-03-18,8688810.0,11.03%,1.11%,1734384.0
2018-03-19,7237749.0,12.26%,1.03%,-1451061.0
2018-03-20,6869713.0,11.53%,0.97%,-368036.0
2018-03-21,7146951.0,12.30%,0.98%,277238.0
2018-03-22,7262396.0,14.31%,0.95%,115445.0
2018-03-23,6723698.0,16.34%,0.90%,-538698.0
2018-03-24,6832878.0,15.61%,0.89%,109180.0
2018-03-25,9126037.0,13.48%,1.16%,2293159.0
2018-03-26,8267878.0,12.86%,1.15%,-858159.0
2018-03-27,7604677.0,13.32%,1.03%,-663201.0
2018-03-28,6923463.0,13.54%,0.94%,-681214.0
2018-03-29,6030032.0,13.69%,0.89%,-893431.0
2018-03-30,6012156.0,12.97%,0.98%,-17876.0
2018-03-31,5674855.0,12.11%,1.12%,-337301.0
2018-04-01,5917714.0,11.39%,1.06%,242859.0
2018-04-02,7403582.0,10.32%,0.90%,1485868.0
2018-04-03,7886915.0,11.33%,0.70%,483333.0
2018-04-04,7717320.0,9.33%,0.63%,-169595.0
2018-04-05,7682788.0,11.11%,0.66%,-34532.0
2018-04-06,6567255.0,11.04%,0.66%,-1115533.0
2018-04-07,6201919.0,11.11%,0.63%,-365336.0
2018-04-08,10544111.0,12.47%,0.92%,4342192.0
2018-04-09,9937207.0,12.15%,0.98%,-606904.0
2018-04-10,9492506.0,12.24%,0.90%,-444701.0
2018-04-11,9672925.0,13.55%,0.79%,180419.0
2018-04-12,8795241.0,13.09%,0.81%,-877684.0
2018-04-13,7480508.0,13.18%,0.79%,-1314733.0
2018-04-14,7287952.0,13.59%,0.78%,-192556.0
2018-04-15,10944709.0,13.43%,1.06%,3656757.0
2018-04-16,9885508.0,13.64%,1.03%,-1059201.0
2018-04-17,9208247.0,12.44%,0.91%,-677261.0
2018-04-18,9587954.0,15.56%,0.82%,379707.0
2018-04-19,9063184.0,13.44%,0.86%,-524770.0
2018-04-20,7441788.0,12.93%,0.97%,-1621396.0
2018-04-21,7163238.0,11.94%,1.02%,-278550.0
2018-04-22,10860304.0,11.33%,1.33%,3697066.0
2018-04-23,10253246.0,13.00%,1.13%,-607058.0
2018-04-24,9130832.0,12.08%,1.07%,-1122414.0
2018-04-25,8136607.0,9.72%,0.95%,-994225.0
2018-04-26,7372851.0,10.56%,0.90%,-763756.0
2018-04-27,6614114.0,21.57%,1.21%,-758737.0
2018-04-28,6023684.0,15.75%,1.01%,-590430.0
2018-04-29,7693851.0,9.28%,1.22%,1670167.0
2018-04-30,7240527.0,11.07%,1.15%,-453324.0
2018-05-01,8794546.0,10.88%,0.82%,1554019.0
2018-05-02,7629467.0,9.81%,0.73%,-1165079.0
2018-05-03,7651845.0,10.25%,0.76%,22378.0
2018-05-04,6521916.0,10.88%,0.74%,-1129929.0
2018-05-05,6113709.0,9.53%,0.69%,-408207.0
2018-05-06,8523340.0,9.28%,0.97%,2409631.0
2018-05-07,8238335.0,11.09%,0.95%,-285005.0
2018-05-08,8058452.0,12.05%,0.91%,-179883.0
2018-05-09,7064272.0,13.81%,0.75%,-994180.0
2018-05-10,7985805.0,12.62%,0.72%,921533.0
2018-05-11,6227741.0,10.94%,0.72%,-1758064.0
2018-05-12,5539695.0,11.11%,0.67%,-688046.0
2018-05-13,7932697.0,11.29%,0.92%,2393002.0
2018-05-14,7632371.0,9.80%,0.89%,-300326.0
2018-05-15,8269616.0,12.88%,0.85%,637245.0
2018-05-16,8445220.0,14.77%,0.75%,175604.0
2018-05-17,7513102.0,14.95%,0.76%,-932118.0
2018-05-18,5711627.0,13.89%,0.71%,-1801475.0
2018-05-19,5282308.0,13.74%,0.67%,-429319.0
2018-05-20,6136823.0,13.91%,0.77%,854515.0
2018-05-21,7478776.0,12.18%,0.83%,1341953.0
2018-05-22,7419569.0,11.46%,0.79%,-59207.0
2018-05-23,7670434.0,11.30%,0.79%,250865.0
2018-05-24,7116036.0,10.60%,0.80%,-554398.0
2018-05-25,6002974.0,10.11%,0.82%,-1113062.0
2018-05-26,5765979.0,9.38%,0.70%,-236995.0
2018-05-27,8139172.0,9.14%,0.91%,2373193.0
2018-05-28,7877985.0,7.93%,0.86%,-261187.0
2018-05-29,7827662.0,9.85%,0.81%,-50323.0
2018-05-30,7488099.0,10.08%,0.72%,-339563.0
2018-05-31,8015333.0,10.77%,0.74%,527234.0
2018-06-01,6372930.0,10.63%,0.68%,-1642403.0
2018-06-02,6147303.0,12.17%,0.71%,-225627.0
2018-06-03,8839785.0,12.74%,0.79%,2692482.0
2018-06-04,8558057.0,11.40%,0.77%,-281728.0
2018-06-05,8021249.0,10.16%,0.71%,-536808.0
2018-06-06,8245644.0,11.52%,0.66%,224395.0
2018-06-07,7438362.0,10.84%,0.64%,-807282.0
2018-06-08,6448148.0,12.42%,0.63%,-990214.0
2018-06-09,6298184.0,12.93%,0.61%,-149964.0
2018-06-10,8393132.0,12.18%,0.80%,2094948.0
2018-06-11,8109952.0,13.18%,0.80%,-283180.0
2018-06-12,7591195.0,12.64%,0.72%,-518757.0
2018-06-13,7625840.0,13.64%,0.67%,34645.0
2018-06-14,7070696.0,13.67%,0.63%,-555144.0
2018-06-15,5950723.0,14.98%,0.67%,-1119973.0
2018-06-16,5707027.0,13.88%,0.62%,-243696.0
2018-06-17,9274344.0,19.30%,0.81%,3567317.0
2018-06-18,9237462.0,20.03%,0.79%,-36882.0
2018-06-19,8593103.0,18.83%,0.78%,-644359.0
2018-06-20,8429281.0,19.27%,0.72%,-163822.0
2018-06-21,7731664.0,20.40%,0.72%,-697617.0
2018-06-22,6536234.0,22.18%,0.73%,-1195430.0
2018-06-23,6130059.0,22.30%,0.65%,-406175.0
2018-06-24,9358415.0,23.69%,0.75%,3228356.0
2018-06-25,8183974.0,21.57%,0.73%,-1174441.0
2018-06-26,8455154.0,23.96%,0.69%,271180.0
2018-06-27,7481255.0,24.17%,0.66%,-973899.0
2018-06-28,7913485.0,24.16%,0.66%,432230.0
2018-06-29,6866470.0,25.22%,0.65%,-1047015.0
2018-06-30,6106833.0,24.21%,0.68%,-759637.0
2018-07-01,9577675.0,28.34%,0.70%,3470842.0
2018-07-02,8143965.0,25.50%,0.69%,-1433710.0
2018-07-03,8103394.0,25.58%,0.64%,-40571.0
2018-07-04,7671032.0,24.71%,0.60%,-432362.0
2018-07-05,7042201.0,24.66%,0.60%,-628831.0
2018-07-06,6596966.0,27.55%,0.64%,-445235.0
2018-07-07,6308487.0,28.29%,2.11%,-288479.0
2018-07-08,7834902.0,26.60%,2.27%,1526415.0
2018-07-09,7023471.0,23.38%,0.70%,-811431.0
2018-07-10,7087763.0,23.40%,0.63%,64292.0
2018-07-11,7295787.0,24.93%,0.63%,208024.0
2018-07-12,6306814.0,25.43%,0.64%,-988973.0
2018-07-13,5504644.0,26.50%,0.63%,-802170.0
2018-07-14,5250792.0,26.23%,0.64%,-253852.0
2018-07-15,6737027.0,26.89%,0.68%,1486235.0
2018-07-16,6652427.0,26.05%,0.68%,-84600.0
2018-07-17,6796722.0,25.33%,0.63%,144295.0
2018-07-18,6521253.0,25.67%,0.61%,-275469.0
2018-07-19,6013975.0,26.00%,0.63%,-507278.0
2018-07-20,7635159.0,32.19%,7.94%,1621184.0
2018-07-21,6671817.0,30.63%,7.34%,-963342.0
2018-07-22,8449433.0,29.13%,7.49%,1777616.0
2018-07-23,8376110.0,28.44%,7.44%,-73323.0
2018-07-24,5651261.0,19.32%,0.63%,-2724849.0
2018-07-25,5684674.0,19.34%,0.60%,33413.0
2018-07-26,5382941.0,18.55%,0.58%,-301733.0
2018-07-27,4774553.0,19.51%,1.50%,-608388.0
2018-07-28,4692742.0,18.29%,1.63%,-81811.0
2018-07-29,5613808.0,16.41%,1.65%,921066.0
2018-07-30,6481855.0,22.08%,1.77%,868047.0
2018-07-31,6064041.0,18.75%,0.72%,-417814.0
2018-08-01,6081130.0,16.85%,0.64%,17089.0
2018-08-02,5736095.0,16.42%,0.58%,-345035.0
2018-08-03,5026581.0,15.68%,0.58%,-709514.0
2018-08-04,4619744.0,15.04%,0.57%,-406837.0
2018-08-05,5762281.0,14.23%,0.66%,1142537.0
2018-08-06,6175471.0,19.32%,0.81%,413190.0
2018-08-07,6078646.0,17.92%,0.80%,-96825.0
2018-08-08,6154560.0,16.44%,0.64%,75914.0
2018-08-09,5785771.0,14.93%,0.62%,-368789.0
2018-08-10,4892373.0,14.86%,0.65%,-893398.0
2018-08-11,4495767.0,14.74%,0.58%,-396606.0
2018-08-12,5642127.0,13.51%,0.84%,1146360.0
2018-08-13,6537048.0,21.64%,1.00%,894921.0
2018-08-14,6392855.0,16.77%,0.85%,-144193.0
2018-08-15,6332997.0,14.50%,0.70%,-59858.0
2018-08-16,5775637.0,13.93%,0.72%,-557360.0
2018-08-17,5144563.0,15.90%,0.69%,-631074.0
2018-08-18,4744768.0,14.12%,0.66%,-399795.0
2018-08-19,5984190.0,12.81%,0.85%,1239422.0
2018-08-20,6794374.0,18.58%,0.87%,810184.0
2018-08-21,6532273.0,15.79%,0.83%,-262101.0
2018-08-22,6642804.0,15.79%,0.69%,110531.0
2018-08-23,6071856.0,14.01%,0.75%,-570948.0
2018-08-24,5958170.0,13.98%,0.78%,-113686.0
2018-08-25,6307055.0,13.22%,0.75%,348885.0
2018-08-26,8194730.0,13.10%,1.00%,1887675.0
2018-08-27,8184778.0,11.94%,0.85%,-9952.0
2018-08-28,7873791.0,12.89%,0.78%,-310987.0
2018-08-29,7552850.0,13.92%,0.67%,-320941.0
2018-08-30,7611925.0,11.95%,0.68%,59075.0
2018-08-31,7017581.0,12.41%,0.67%,-594344.0
2018-09-01,7239444.0,11.95%,0.59%,221863.0
2018-09-02,10073928.0,10.41%,0.83%,2834484.0
2018-09-03,8796536.0,9.58%,0.81%,-1277392.0
2018-09-04,8150398.0,10.21%,0.73%,-646138.0
2018-09-05,7841439.0,11.68%,0.71%,-308959.0
2018-09-06,7456183.0,10.89%,0.71%,-385256.0
2018-09-07,6960619.0,11.64%,0.73%,-495564.0
2018-09-08,6517722.0,12.42%,0.69%,-442897.0
2018-09-09,8283434.0,9.93%,0.91%,1765712.0
2018-09-10,8047335.0,9.97%,0.88%,-236099.0
2018-09-11,7630119.0,11.06%,0.84%,-417216.0
2018-09-12,7862190.0,12.47%,0.72%,232071.0
2018-09-13,7526288.0,11.36%,0.72%,-335902.0
2018-09-14,6595618.0,12.47%,0.72%,-930670.0
2018-09-15,6470954.0,10.99%,0.71%,-124664.0
2018-09-16,8384182.0,10.65%,0.91%,1913228.0
2018-09-17,9579817.0,9.85%,5.82%,1195635.0
2018-09-18,9008039.0,9.67%,5.86%,-571778.0
2018-09-19,9419465.0,8.68%,6.08%,411426.0
2018-09-20,6571965.0,11.59%,0.67%,-2847500.0
2018-09-21,6279206.0,12.45%,0.65%,-292759.0
2018-09-22,6712996.0,10.58%,0.58%,433790.0
2018-09-23,10382323.0,12.33%,0.77%,3669327.0
2018-09-24,9492332.0,10.06%,0.73%,-889991.0
2018-09-25,9693629.0,10.48%,0.64%,201297.0
2018-09-26,9363958.0,11.49%,0.58%,-329671.0
2018-09-27,7917453.0,10.66%,0.63%,-1446505.0
2018-09-28,6787801.0,11.08%,0.76%,-1129652.0
2018-09-29,7164543.0,11.75%,0.88%,376742.0
2018-09-30,9534457.0,11.04%,1.16%,2369914.0
2018-10-01,9193182.0,9.31%,0.77%,-341275.0
2018-10-02,8439861.0,9.46%,0.65%,-753321.0
2018-10-03,9475520.0,10.36%,0.65%,1035659.0
2018-10-04,7645116.0,9.25%,0.57%,-1830404.0
2018-10-05,6514270.0,10.75%,0.63%,-1130846.0
2018-10-06,6752664.0,10.74%,0.50%,238394.0
2018-10-07,10287071.0,13.72%,0.89%,3534407.0
2018-10-08,8851582.0,13.22%,0.86%,-1435489.0
2018-10-09,8639644.0,14.34%,0.88%,-211938.0
2018-10-10,9310715.0,16.38%,0.90%,671071.0
2018-10-11,7939734.0,16.01%,0.62%,-1370981.0
2018-10-12,7004861.0,17.99%,0.74%,-934873.0
2018-10-13,6598971.0,16.77%,0.74%,-405890.0
2018-10-14,9383330.0,18.39%,0.80%,2784359.0
2018-10-15,8703573.0,17.61%,0.79%,-679757.0
2018-10-16,9139126.0,18.85%,0.71%,435553.0
2018-10-17,8878548.0,17.57%,0.58%,-260578.0
2018-10-18,8575747.0,17.32%,0.58%,-302801.0
2018-10-19,8008263.0,18.66%,0.61%,-567484.0
2018-10-20,8678830.0,17.61%,0.60%,670567.0
2018-10-21,9874397.0,13.20%,0.65%,1195567.0
2018-10-22,9375559.0,12.78%,0.60%,-498838.0
2018-10-23,9451719.0,11.40%,0.58%,76160.0
2018-10-24,9323433.0,11.41%,0.54%,-128286.0
2018-10-25,8095689.0,11.41%,0.55%,-1227744.0
2018-10-26,8733179.0,27.92%,0.72%,637490.0
2018-10-27,8414146.0,18.29%,0.48%,-319033.0
2018-10-28,12330068.0,11.16%,0.58%,3915922.0
2018-10-29,9833084.0,11.87%,0.61%,-2496984.0
2018-10-30,11157049.0,14.25%,4.16%,1323965.0
2018-10-31,10209544.0,15.57%,4.47%,-947505.0
2018-11-01,8802364.0,12.73%,0.53%,-1407180.0
2018-11-02,7598568.0,14.46%,0.47%,-1203796.0
2018-11-03,7740097.0,13.88%,0.45%,141529.0
2018-11-04,10602097.0,13.62%,0.55%,2862000.0
2018-11-05,8870897.0,12.81%,0.58%,-1731200.0
2018-11-06,8580684.0,12.51%,0.56%,-290213.0
2018-11-07,9094478.0,14.35%,0.49%,513794.0
2018-11-08,8165153.0,13.78%,0.48%,-929325.0
2018-11-09,7114316.0,14.73%,0.47%,-1050837.0
2018-11-10,7476237.0,13.62%,0.44%,361921.0
2018-11-11,9945862.0,13.56%,0.51%,2469625.0
2018-11-12,8535688.0,12.14%,0.54%,-1410174.0
2018-11-13,9055436.0,12.70%,0.49%,519748.0
2018-11-14,9110600.0,13.09%,0.44%,55164.0
2018-11-15,8406671.0,12.98%,0.45%,-703929.0
2018-11-16,6905732.0,11.97%,0.44%,-1500939.0
2018-11-17,7710108.0,14.97%,0.44%,804376.0
2018-11-18,19236497.0,25.19%,0.63%,11526389.0
2018-11-19,13672100.0,21.19%,0.59%,-5564397.0
2018-11-20,11656443.0,18.58%,0.63%,-2015657.0
2018-11-21,15648325.0,22.55%,0.65%,3991882.0
2018-11-22,16064367.0,24.08%,0.63%,416042.0
2018-11-23,43322462.0,26.90%,0.60%,27258095.0
2018-11-24,7355426.0,14.69%,0.51%,-35967036.0
2018-11-25,8076770.0,11.24%,0.53%,721344.0
2018-11-26,7579144.0,14.07%,0.79%,-497626.0
2018-11-27,7160000.0,9.58%,0.79%,-419144.0
2018-11-28,8326380.0,9.90%,0.82%,1166380.0
2018-11-29,8009811.0,11.58%,0.94%,-316569.0
2018-11-30,7440062.0,13.94%,0.95%,-569749.0
2018-12-01,7210144.0,14.46%,0.59%,-229918.0
2018-12-02,10037021.0,13.47%,0.58%,2826877.0
2018-12-03,9247995.0,13.77%,0.54%,-789026.0
2018-12-04,9188212.0,13.05%,0.51%,-59783.0
2018-12-05,9315597.0,12.62%,0.49%,127385.0
2018-12-06,9130390.0,13.55%,0.51%,-185207.0
2018-12-07,8178017.0,14.79%,0.48%,-952373.0
2018-12-08,8720689.0,15.63%,0.43%,542672.0
2018-12-09,12305119.0,16.43%,0.42%,3584430.0
2018-12-10,11161010.0,15.85%,0.43%,-1144109.0
2018-12-11,11067212.0,16.07%,0.45%,-93798.0
2018-12-12,11109197.0,16.30%,0.46%,41985.0
2018-12-13,12123543.0,17.88%,4.02%,1014346.0
2018-12-14,10735321.0,18.19%,4.04%,-1388222.0
2018-12-15,11150924.0,18.14%,4.63%,415603.0
2018-12-16,11686441.0,15.93%,0.53%,535517.0
2018-12-17,10535581.0,14.38%,0.54%,-1150860.0
2018-12-18,9391066.0,15.56%,0.53%,-1144515.0
2018-12-19,7303107.0,14.50%,0.50%,-2087959.0
2018-12-20,7057056.0,19.61%,0.63%,-246051.0
2018-12-21,6104204.0,22.48%,0.60%,-952852.0
2018-12-22,5022648.0,22.38%,0.54%,-1081556.0
2018-12-23,5242684.0,23.89%,0.69%,220036.0
2018-12-24,3937352.0,24.60%,0.70%,-1305332.0
2018-12-25,5193312.0,22.82%,0.53%,1255960.0
2018-12-26,6879416.0,23.99%,0.65%,1686104.0
2018-12-27,7621809.0,21.46%,0.62%,742393.0
2018-12-28,7579481.0,22.70%,0.63%,-42328.0
2018-12-29,6731238.0,23.47%,0.61%,-848243.0
2018-12-30,6378796.0,22.87%,0.90%,-352442.0
2018-12-31,3820099.0,22.24%,1.44%,-2558697.0
2019-01-01,4856951.0,22.05%,0.70%,1036852.0
2019-01-02,8174124.0,19.90%,0.63%,3317173.0
2019-01-03,8857483.0,22.20%,0.61%,683359.0
2019-01-04,8490935.0,24.81%,0.63%,-366548.0
2019-01-05,8267303.0,23.00%,0.54%,-223632.0
2019-01-06,9487286.0,25.01%,0.69%,1219983.0
2019-01-07,7925868.0,23.49%,0.65%,-1561418.0
2019-01-08,8725633.0,23.82%,0.62%,799765.0
2019-01-09,9025294.0,23.00%,0.63%,299661.0
2019-01-10,8048216.0,23.03%,0.60%,-977078.0
2019-01-11,7069142.0,24.27%,0.62%,-979074.0
2019-01-12,7260437.0,24.03%,0.55%,191295.0
2019-01-13,9052711.0,22.96%,0.70%,1792274.0
2019-01-14,7600004.0,22.48%,0.71%,-1452707.0
2019-01-15,7516222.0,22.33%,0.65%,-83782.0
2019-01-16,7786886.0,23.92%,0.58%,270664.0
2019-01-17,7313409.0,23.07%,0.58%,-473477.0
2019-01-18,6498805.0,24.00%,0.58%,-814604.0
2019-01-19,6320154.0,22.62%,0.56%,-178651.0
2019-01-20,9463178.0,27.26%,0.74%,3143024.0
2019-01-21,8062936.0,25.60%,0.70%,-1400242.0
2019-01-22,7777008.0,25.25%,0.69%,-285928.0
2019-01-23,8246301.0,25.74%,0.56%,469293.0
2019-01-24,7539495.0,25.68%,0.56%,-706806.0
2019-01-25,6484550.0,24.80%,0.57%,-1054945.0
2019-01-26,6631237.0,23.61%,0.53%,146687.0
2019-01-27,9006813.0,22.83%,1.63%,2375576.0
2019-01-28,7991038.0,23.74%,1.70%,-1015775.0
2019-01-29,8391159.0,24.46%,1.86%,400121.0
2019-01-30,8321424.0,32.54%,0.64%,-69735.0
2019-01-31,7054069.0,25.86%,0.64%,-1267355.0
2019-02-01,6043692.0,23.25%,0.51%,-1010377.0
2019-02-02,6819535.0,23.59%,0.46%,775843.0
2019-02-03,11658576.0,26.61%,8.09%,4839041.0
2019-02-04,8368641.0,25.31%,7.42%,-3289935.0
2019-02-05,9996729.0,25.50%,7.85%,1628088.0
2019-02-06,6983281.0,26.84%,0.55%,-3013448.0
2019-02-07,6672720.0,22.30%,0.54%,-310561.0
2019-02-08,5899236.0,19.90%,0.51%,-773484.0
2019-02-09,6347221.0,18.23%,0.45%,447985.0
2019-02-10,7963157.0,14.90%,0.62%,1615936.0
2019-02-11,6996242.0,15.65%,0.62%,-966915.0
2019-02-12,7122741.0,16.95%,0.55%,126499.0
2019-02-13,7307746.0,23.01%,0.55%,185005.0
2019-02-14,6094500.0,18.15%,0.52%,-1213246.0
2019-02-15,5792363.0,15.58%,0.54%,-302137.0
2019-02-16,5836749.0,13.32%,0.50%,44386.0
2019-02-17,7858126.0,10.88%,0.61%,2021377.0
2019-02-18,7337839.0,11.54%,0.57%,-520287.0
2019-02-19,7657600.0,11.47%,0.51%,319761.0
2019-02-20,8784946.0,22.92%,0.57%,1127346.0
2019-02-21,7438811.0,16.78%,0.53%,-1346135.0
2019-02-22,6563702.0,14.15%,0.50%,-875109.0
2019-02-23,6691814.0,12.83%,0.47%,128112.0
2019-02-24,8735450.0,11.43%,0.61%,2043636.0
2019-02-25,7771403.0,11.25%,0.61%,-964047.0
2019-02-26,8118824.0,12.45%,0.59%,347421.0
2019-02-27,8445541.0,13.57%,0.49%,326717.0
2019-02-28,7697566.0,12.58%,0.52%,-747975.0
2019-03-01,6860638.0,12.26%,0.47%,-836928.0
2019-03-02,7299570.0,12.36%,0.45%,438932.0
2019-03-03,9086877.0,10.69%,0.59%,1787307.0
2019-03-04,8407092.0,11.57%,0.61%,-679785.0
2019-03-05,8028531.0,11.02%,0.57%,-378561.0
2019-03-06,8631890.0,12.13%,0.49%,603359.0
2019-03-07,8322759.0,12.44%,0.46%,-309131.0
2019-03-08,7092124.0,11.73%,0.47%,-1230635.0
2019-03-09,7902854.0,11.21%,0.42%,810730.0
2019-03-10,10330575.0,10.55%,0.60%,2427721.0
2019-03-11,8447809.0,12.07%,0.69%,-1882766.0
2019-03-12,8060750.0,10.72%,0.60%,-387059.0
2019-03-13,8522003.0,11.47%,0.49%,461253.0
2019-03-14,8841560.0,12.62%,0.50%,319557.0
2019-03-15,7308298.0,13.11%,0.50%,-1533262.0
2019-03-16,7604784.0,13.29%,0.48%,296486.0
2019-03-17,10117375.0,11.53%,0.60%,2512591.0
2019-03-18,8531857.0,12.46%,0.58%,-1585518.0
2019-03-19,8692324.0,12.49%,0.56%,160467.0
2019-03-20,9862487.0,15.04%,0.53%,1170163.0
2019-03-21,8625492.0,14.77%,0.50%,-1236995.0
2019-03-22,7786792.0,15.18%,0.53%,-838700.0
2019-03-23,7907747.0,14.03%,0.57%,120955.0
2019-03-24,15647046.0,18.61%,4.92%,7739299.0
2019-03-25,12501617.0,18.80%,4.48%,-3145429.0
2019-03-26,12863638.0,18.88%,4.78%,362021.0
2019-03-27,10213181.0,16.43%,0.61%,-2650457.0
2019-03-28,9415417.0,20.19%,0.61%,-797764.0
2019-03-29,8031734.0,17.24%,0.70%,-1383683.0
2019-03-30,7920614.0,15.22%,0.59%,-111120.0
2019-03-31,11349142.0,15.53%,0.80%,3428528.0
2019-04-01,10500089.0,15.33%,0.60%,-849053.0
2019-04-02,10630536.0,16.79%,0.56%,130447.0
2019-04-03,10606028.0,17.60%,0.52%,-24508.0
2019-04-04,10211386.0,18.62%,0.52%,-394642.0
2019-04-05,8627591.0,18.03%,0.49%,-1583795.0
2019-04-06,8623723.0,17.10%,0.45%,-3868.0
2019-04-07,11720757.0,16.65%,0.58%,3097034.0
2019-04-08,10495911.0,15.88%,0.66%,-1224846.0
2019-04-09,12183043.0,17.49%,2.79%,1687132.0
2019-04-10,9180564.0,14.81%,0.48%,-3002479.0
2019-04-11,8387461.0,13.29%,0.49%,-793103.0
2019-04-12,7409969.0,14.10%,0.48%,-977492.0
2019-04-13,7818034.0,14.77%,0.42%,408065.0
2019-04-14,10499467.0,12.40%,0.54%,2681433.0
2019-04-15,8520117.0,12.95%,0.55%,-1979350.0
2019-04-16,8120247.0,12.34%,0.52%,-399870.0
2019-04-17,7415052.0,11.38%,0.47%,-705195.0
2019-04-18,6283315.0,11.06%,0.46%,-1131737.0
2019-04-19,6701691.0,12.67%,0.42%,418376.0
2019-04-20,6083269.0,12.28%,0.44%,-618422.0
2019-04-21,6502393.0,10.85%,0.78%,419124.0
2019-04-22,8851197.0,9.15%,0.79%,2348804.0
2019-04-23,9181743.0,8.56%,0.47%,330546.0
2019-04-24,9649986.0,9.92%,0.43%,468243.0
2019-04-25,9061825.0,10.03%,0.42%,-588161.0
2019-04-26,8368558.0,11.44%,0.41%,-693267.0
2019-04-27,8413452.0,10.60%,0.40%,44894.0
2019-04-28,10441828.0,10.82%,0.52%,2028376.0
2019-04-29,8625136.0,11.66%,0.54%,-1816692.0
2019-04-30,7789218.0,13.55%,0.53%,-835918.0
2019-05-01,8751130.0,13.25%,0.45%,961912.0
2019-05-02,8327155.0,12.96%,0.47%,-423975.0
2019-05-03,8432771.0,23.62%,0.58%,105616.0
2019-05-04,8773322.0,15.46%,0.60%,340551.0
2019-05-05,10564157.0,12.75%,0.66%,1790835.0
2019-05-06,8974423.0,11.22%,0.54%,-1589734.0
2019-05-07,9026923.0,12.11%,0.45%,52500.0
2019-05-08,9532726.0,14.14%,0.42%,505803.0
2019-05-09,8691148.0,11.94%,0.44%,-841578.0
2019-05-10,7681298.0,13.53%,0.44%,-1009850.0
2019-05-11,8645802.0,13.21%,0.72%,964504.0
2019-05-12,10642018.0,12.22%,0.87%,1996216.0
2019-05-13,9269270.0,12.01%,0.55%,-1372748.0
2019-05-14,9235811.0,12.55%,0.49%,-33459.0
2019-05-15,9674692.0,13.40%,0.44%,438881.0
2019-05-16,9746867.0,15.18%,0.45%,72175.0
2019-05-17,7812157.0,15.26%,0.44%,-1934710.0
2019-05-18,8303684.0,15.92%,0.41%,491527.0
2019-05-19,10919144.0,14.70%,0.51%,2615460.0
2019-05-20,10018022.0,14.42%,0.50%,-901122.0
2019-05-21,10075549.0,14.53%,0.50%,57527.0
2019-05-22,9779749.0,15.19%,0.46%,-295800.0
2019-05-23,9024315.0,15.13%,0.45%,-755434.0
2019-05-24,8386504.0,15.51%,0.43%,-637811.0
2019-05-25,8489108.0,14.91%,0.42%,102604.0
2019-05-26,10764851.0,14.90%,0.64%,2275743.0
2019-05-27,10151734.0,14.62%,0.65%,-613117.0
2019-05-28,9331294.0,13.85%,0.59%,-820440.0
2019-05-29,8223913.0,14.60%,0.47%,-1107381.0
2019-05-30,9006153.0,15.27%,0.51%,782240.0
2019-05-31,8230518.0,14.15%,0.53%,-775635.0
2019-06-01,8192826.0,14.04%,0.77%,-37692.0
2019-06-02,11780474.0,12.24%,0.67%,3587648.0
2019-06-03,11732536.0,11.96%,0.55%,-47938.0
2019-06-04,11391410.0,12.76%,0.48%,-341126.0
2019-06-05,10925495.0,12.90%,0.44%,-465915.0
2019-06-06,9610712.0,13.93%,0.46%,-1314783.0
2019-06-07,7538141.0,13.21%,0.44%,-2072571.0
2019-06-08,7115685.0,13.59%,0.40%,-422456.0
2019-06-09,8816841.0,16.04%,0.55%,1701156.0
2019-06-10,10737794.0,14.97%,0.62%,1920953.0
2019-06-11,8660661.0,14.04%,0.51%,-2077133.0
2019-06-12,8912505.0,14.95%,0.45%,251844.0
2019-06-13,8216043.0,14.54%,0.44%,-696462.0
2019-06-14,7251377.0,15.17%,0.43%,-964666.0
2019-06-15,7457473.0,16.80%,0.40%,206096.0
2019-06-16,14280396.0,20.78%,5.21%,6822923.0
2019-06-17,12633583.0,21.43%,4.95%,-1646813.0
2019-06-18,11510969.0,20.76%,4.77%,-1122614.0
2019-06-19,8515110.0,20.25%,0.57%,-2995859.0
2019-06-20,8909811.0,20.33%,0.48%,394701.0
2019-06-21,7722435.0,18.76%,0.45%,-1187376.0
2019-06-22,8579168.0,21.59%,0.49%,856733.0
2019-06-23,10359877.0,20.13%,0.54%,1780709.0
2019-06-24,11367415.0,21.42%,0.52%,1007538.0
2019-06-25,10527014.0,20.92%,0.48%,-840401.0
2019-06-26,9941434.0,20.99%,0.41%,-585580.0
2019-06-27,8903759.0,20.01%,0.65%,-1037675.0
2019-06-28,7666447.0,22.07%,0.73%,-1237312.0
2019-06-29,7342412.0,22.07%,0.72%,-324035.0
2019-06-30,10749819.0,25.47%,0.72%,3407407.0
2019-07-01,9484576.0,23.47%,0.53%,-1265243.0
2019-07-02,9267014.0,22.76%,0.41%,-217562.0
2019-07-03,8997740.0,23.87%,0.40%,-269274.0
2019-07-04,8131500.0,23.87%,0.42%,-866240.0
2019-07-05,7153429.0,23.93%,0.39%,-978071.0
2019-07-06,7135758.0,24.28%,0.39%,-17671.0
2019-07-07,9263979.0,23.84%,0.41%,2128221.0
2019-07-08,8812812.0,23.00%,0.40%,-451167.0
2019-07-09,8085462.0,22.93%,0.36%,-727350.0
2019-07-10,8285003.0,24.33%,0.38%,199541.0
2019-07-11,7780385.0,24.20%,0.37%,-504618.0
2019-07-12,6718150.0,24.87%,0.37%,-1062235.0
2019-07-13,6605786.0,23.84%,0.35%,-112364.0
2019-07-14,9126022.0,26.87%,1.40%,2520236.0
2019-07-15,8648209.0,25.04%,1.45%,-477813.0
2019-07-16,8167133.0,25.07%,1.75%,-481076.0
2019-07-17,7307006.0,23.25%,0.39%,-860127.0
2019-07-18,6774004.0,22.88%,0.37%,-533002.0
2019-07-19,5996774.0,23.95%,0.39%,-777230.0
2019-07-20,5857688.0,23.13%,0.38%,-139086.0
2019-07-21,9711906.0,25.83%,6.84%,3854218.0
2019-07-22,9406814.0,23.17%,6.33%,-305092.0
2019-07-23,9382745.0,23.43%,6.86%,-24069.0
2019-07-24,6643760.0,18.87%,0.53%,-2738985.0
2019-07-25,6378231.0,20.48%,0.38%,-265529.0
2019-07-26,5810560.0,21.96%,0.38%,-567671.0
2019-07-27,5952988.0,21.98%,0.36%,142428.0
2019-07-28,7509167.0,18.55%,0.42%,1556179.0
2019-07-29,6976801.0,18.67%,0.42%,-532366.0
2019-07-30,6767027.0,18.74%,0.39%,-209774.0
2019-07-31,7244724.0,20.41%,0.44%,477697.0
2019-08-01,6380867.0,19.74%,0.40%,-863857.0
2019-08-02,6274951.0,20.81%,0.38%,-105916.0
2019-08-03,6169170.0,20.64%,0.36%,-105781.0
2019-08-04,6950060.0,16.84%,0.43%,780890.0
2019-08-05,7623914.0,17.56%,0.39%,673854.0
2019-08-06,7910551.0,18.20%,0.37%,286637.0
2019-08-07,8966438.0,28.47%,0.49%,1055887.0
2019-08-08,7455852.0,23.49%,0.46%,-1510586.0
2019-08-09,6403890.0,20.08%,0.38%,-1051962.0
2019-08-10,6368664.0,18.88%,0.35%,-35226.0
2019-08-11,7385128.0,16.31%,0.43%,1016464.0
2019-08-12,7944905.0,16.04%,0.40%,559777.0
2019-08-13,8091707.0,17.39%,0.39%,146802.0
2019-08-14,8066902.0,23.84%,0.51%,-24805.0
2019-08-15,7959092.0,18.48%,0.46%,-107810.0
2019-08-16,6679888.0,15.09%,0.34%,-1279204.0
2019-08-17,6702334.0,14.63%,0.35%,22446.0
2019-08-18,8221946.0,13.08%,0.41%,1519612.0
2019-08-19,8076018.0,13.19%,0.39%,-145928.0
2019-08-20,8603626.0,13.96%,0.38%,527608.0
2019-08-21,9033448.0,25.06%,0.48%,429822.0
2019-08-22,7891112.0,19.01%,0.43%,-1142336.0
2019-08-23,6670712.0,16.57%,0.37%,-1220400.0
2019-08-24,6075016.0,15.40%,0.36%,-595696.0
2019-08-25,10568687.0,14.12%,6.41%,4493671.0
2019-08-26,10185680.0,15.50%,6.64%,-383007.0
2019-08-27,10914344.0,15.12%,7.62%,728664.0
2019-08-28,8562783.0,23.52%,0.60%,-2351561.0
2019-08-29,7801622.0,18.11%,0.41%,-761161.0
2019-08-30,6789101.0,16.98%,0.38%,-1012521.0
2019-08-31,6682131.0,17.35%,0.36%,-106970.0
2019-09-01,9925473.0,14.38%,0.39%,3243342.0
2019-09-02,9415393.0,14.09%,0.36%,-510080.0
2019-09-03,9460497.0,13.96%,0.38%,45104.0
2019-09-04,9580422.0,15.20%,0.35%,119925.0
2019-09-05,9688951.0,13.34%,0.32%,108529.0
2019-09-06,8745534.0,13.54%,0.33%,-943417.0
2019-09-07,9047003.0,14.07%,0.34%,301469.0
2019-09-08,13015754.0,12.73%,0.36%,3968751.0
2019-09-09,11418586.0,11.86%,0.36%,-1597168.0
2019-09-10,10236482.0,12.35%,0.34%,-1182104.0
2019-09-11,10312696.0,12.76%,0.33%,76214.0
2019-09-12,8775233.0,12.60%,0.36%,-1537463.0
2019-09-13,7971786.0,14.08%,0.38%,-803447.0
2019-09-14,7621210.0,14.16%,0.35%,-350576.0
2019-09-15,10180036.0,15.42%,0.45%,2558826.0
2019-09-16,9506759.0,12.87%,0.41%,-673277.0
2019-09-17,9756414.0,13.37%,0.39%,249655.0
2019-09-18,10924390.0,13.77%,0.39%,1167976.0
2019-09-19,9420428.0,11.79%,0.40%,-1503962.0
2019-09-20,8312519.0,16.92%,0.45%,-1107909.0
2019-09-21,8074423.0,15.51%,0.41%,-238096.0
2019-09-22,10548721.0,12.50%,0.47%,2474298.0
2019-09-23,10025451.0,10.58%,0.43%,-523270.0
2019-09-24,10235557.0,11.30%,0.42%,210106.0
2019-09-25,10872298.0,11.91%,0.45%,636741.0
2019-09-26,10104486.0,12.16%,0.78%,-767812.0
2019-09-27,9092437.0,13.75%,0.68%,-1012049.0
2019-09-28,9090269.0,12.59%,0.44%,-2168.0
2019-09-29,11197659.0,11.58%,0.54%,2107390.0
2019-09-30,9825676.0,11.65%,0.48%,-1371983.0
2019-10-01,9458305.0,11.60%,0.43%,-367371.0
2019-10-02,9291879.0,12.85%,0.39%,-166426.0
2019-10-03,9967101.0,12.66%,0.43%,675222.0
2019-10-04,8849303.0,11.72%,0.42%,-1117798.0
2019-10-05,8928127.0,11.77%,0.38%,78824.0
2019-10-06,11718805.0,10.51%,0.50%,2790678.0
2019-10-07,10112635.0,10.56%,0.47%,-1606170.0
2019-10-08,10313138.0,11.42%,0.71%,200503.0
2019-10-09,10648370.0,11.60%,0.69%,335232.0
2019-10-10,9167259.0,12.22%,0.44%,-1481111.0
2019-10-11,7745866.0,12.92%,0.45%,-1421393.0
2019-10-12,7540961.0,13.10%,0.40%,-204905.0
2019-10-13,15563730.0,19.56%,5.39%,8022769.0
2019-10-14,12431305.0,18.16%,5.08%,-3132425.0
2019-10-15,14578086.0,19.68%,5.69%,2146781.0
2019-10-16,10205787.0,17.66%,0.54%,-4372299.0
2019-10-17,9250539.0,17.03%,0.43%,-955248.0
2019-10-18,8404215.0,17.67%,0.41%,-846324.0
2019-10-19,8868181.0,17.36%,0.38%,463966.0
2019-10-20,12155802.0,19.01%,0.70%,3287621.0
2019-10-21,10389565.0,18.09%,0.39%,-1766237.0
2019-10-22,10303936.0,18.57%,0.36%,-85629.0
2019-10-23,10469695.0,18.39%,0.37%,165759.0
2019-10-24,9861669.0,19.66%,0.49%,-608026.0
2019-10-25,8962360.0,24.85%,0.57%,-899309.0
2019-10-26,8447715.0,20.48%,0.49%,-514645.0
2019-10-27,14263486.0,20.59%,3.14%,5815771.0
2019-10-28,12279514.0,18.74%,2.86%,-1983972.0
2019-10-29,13734756.0,19.33%,3.17%,1455242.0
2019-10-30,10190064.0,14.37%,0.50%,-3544692.0
2019-10-31,8988104.0,13.46%,0.50%,-1201960.0
2019-11-01,9394157.0,12.93%,0.42%,406053.0
2019-11-02,9771254.0,14.05%,0.41%,377097.0
2019-11-03,13119494.0,13.68%,0.45%,3348240.0
2019-11-04,10607902.0,13.18%,0.39%,-2511592.0
2019-11-05,10454016.0,12.69%,0.38%,-153886.0
2019-11-06,11175823.0,13.72%,0.35%,721807.0
2019-11-07,10120963.0,12.69%,0.34%,-1054860.0
2019-11-08,9263249.0,15.13%,0.43%,-857714.0
2019-11-09,9835507.0,15.04%,0.46%,572258.0
2019-11-10,12672072.0,13.13%,0.39%,2836565.0
2019-11-11,11257194.0,12.37%,0.36%,-1414878.0
2019-11-12,10310460.0,13.51%,0.34%,-946734.0
2019-11-13,12432954.0,14.42%,0.30%,2122494.0
2019-11-14,10451379.0,14.36%,0.31%,-1981575.0
2019-11-15,9126718.0,14.78%,0.31%,-1324661.0
2019-11-16,10073952.0,16.09%,0.29%,947234.0
2019-11-17,13449138.0,15.95%,0.38%,3375186.0
2019-11-18,11135842.0,15.00%,0.38%,-2313296.0
2019-11-19,11170793.0,17.35%,0.37%,34951.0
2019-11-20,10809529.0,15.58%,0.35%,-361264.0
2019-11-21,13464320.0,21.39%,0.80%,2654791.0
2019-11-22,13194815.0,24.21%,1.10%,-269505.0
2019-11-23,11394575.0,22.82%,0.79%,-1800240.0
2019-11-24,18369979.0,23.51%,0.74%,6975404.0
2019-11-25,19451675.0,27.64%,0.89%,1081696.0
2019-11-26,16369623.0,27.52%,0.84%,-3082052.0
2019-11-27,18780605.0,28.41%,0.79%,2410982.0
2019-11-28,18924653.0,28.54%,0.96%,144048.0
2019-11-29,55845299.0,33.56%,0.95%,36920646.0
2019-11-30,10168830.0,24.04%,0.76%,-45676469.0
2019-12-01,13180423.0,22.50%,0.65%,3011593.0
2019-12-02,14467309.0,21.65%,0.62%,1286886.0
2019-12-03,9471649.0,14.34%,0.76%,-4995660.0
2019-12-04,9336184.0,12.95%,0.77%,-135465.0
2019-12-05,9305747.0,14.39%,0.82%,-30437.0
2019-12-06,10918223.0,19.82%,0.88%,1612476.0
2019-12-07,9724310.0,17.95%,0.73%,-1193913.0
2019-12-08,13327254.0,19.63%,0.64%,3602944.0
2019-12-09,12355081.0,18.67%,0.58%,-972173.0
2019-12-10,12014019.0,18.56%,0.55%,-341062.0
2019-12-11,12253189.0,17.04%,0.53%,239170.0
2019-12-12,11634390.0,16.62%,0.46%,-618799.0
2019-12-13,10566462.0,18.24%,0.63%,-1067928.0
2019-12-14,10457991.0,18.70%,0.51%,-108471.0
2019-12-15,12957232.0,18.01%,0.56%,2499241.0
2019-12-16,12524985.0,20.07%,0.41%,-432247.0
2019-12-17,11121635.0,17.04%,0.37%,-1403350.0
2019-12-18,10408452.0,18.08%,0.39%,-713183.0
2019-12-19,8408970.0,18.97%,0.39%,-1999482.0
2019-12-20,7550796.0,22.00%,0.43%,-858174.0
2019-12-21,6385590.0,22.13%,0.38%,-1165206.0
2019-12-22,6614485.0,21.50%,0.42%,228895.0
2019-12-23,5806398.0,21.58%,0.43%,-808087.0
2019-12-24,4828230.0,24.88%,0.45%,-978168.0
2019-12-25,6345249.0,24.25%,0.40%,1517019.0
2019-12-26,8349394.0,24.83%,0.41%,2004145.0
2019-12-27,8328472.0,22.93%,0.39%,-20922.0
2019-12-28,7782235.0,23.37%,0.37%,-546237.0
2019-12-29,8154162.0,24.54%,0.61%,371927.0
2019-12-30,7141564.0,22.28%,0.61%,-1012598.0
2019-12-31,5177334.0,24.61%,1.00%,-1964230.0
2020-01-01,6132088.0,24.10%,0.45%,954754.0
2020-01-02,8873931.0,23.39%,0.45%,2741843.0
2020-01-03,9241192.0,23.59%,0.43%,367261.0
2020-01-04,9164339.0,23.32%,0.39%,-76853.0
2020-01-05,9964575.0,26.71%,0.41%,800236.0
2020-01-06,9025212.0,25.40%,0.41%,-939363.0
2020-01-07,11184867.0,29.60%,0.41%,2159655.0
2020-01-08,10661562.0,29.25%,0.39%,-523305.0
2020-01-09,9880642.0,29.59%,0.39%,-780920.0
2020-01-10,8999233.0,29.58%,0.35%,-881409.0
2020-01-11,9146991.0,28.98%,0.37%,147758.0
2020-01-12,11056435.0,29.91%,0.51%,1909444.0
2020-01-13,9281375.0,28.45%,0.52%,-1775060.0
2020-01-14,9345828.0,27.40%,0.46%,64453.0
2020-01-15,9287764.0,26.33%,0.41%,-58064.0
2020-01-16,7896119.0,26.71%,0.38%,-1391645.0
2020-01-17,8152540.0,29.10%,0.45%,256421.0
2020-01-18,8199998.0,26.98%,0.40%,47458.0
2020-01-19,10044392.0,24.92%,0.50%,1844394.0
2020-01-20,8583138.0,24.68%,0.51%,-1461254.0
2020-01-21,9144522.0,26.36%,0.47%,561384.0
2020-01-22,9417989.0,25.90%,0.45%,273467.0
2020-01-23,9118287.0,27.42%,0.48%,-299702.0
2020-01-24,8519708.0,29.15%,0.52%,-598579.0
2020-01-25,8107755.0,25.76%,0.51%,-411953.0
2020-01-26,14361086.0,27.28%,8.85%,6253331.0
2020-01-27,11764865.0,25.71%,8.20%,-2596221.0
2020-01-28,13579846.0,26.97%,9.09%,1814981.0
2020-01-29,8814434.0,23.61%,0.60%,-4765412.0
2020-01-30,7918341.0,25.78%,0.48%,-896093.0
2020-01-31,7837195.0,24.36%,0.48%,-81146.0
2020-02-01,8053703.0,21.06%,0.38%,216508.0
2020-02-02,9622921.0,18.42%,0.36%,1569218.0
2020-02-03,8349223.0,18.82%,0.35%,-1273698.0
2020-02-04,8697318.0,19.26%,0.33%,348095.0
2020-02-05,8739794.0,20.26%,0.36%,42476.0
2020-02-06,8039115.0,22.18%,0.38%,-700679.0
2020-02-07,7003209.0,21.82%,0.49%,-1035906.0
2020-02-08,7356612.0,19.42%,0.39%,353403.0
2020-02-09,8840248.0,15.58%,0.46%,1483636.0
2020-02-10,9021374.0,15.91%,0.79%,181126.0
2020-02-11,9492522.0,17.11%,0.76%,471148.0
2020-02-12,9765512.0,21.52%,0.75%,272990.0
2020-02-13,8409753.0,20.73%,0.85%,-1355759.0
2020-02-14,7838368.0,19.54%,0.64%,-571385.0
2020-02-15,7277227.0,17.02%,0.29%,-561141.0
2020-02-16,9150937.0,14.59%,0.31%,1873710.0
2020-02-17,8402623.0,14.90%,0.30%,-748314.0
2020-02-18,8471884.0,15.21%,0.32%,69261.0
2020-02-19,9251125.0,19.12%,0.31%,779241.0
2020-02-20,7920228.0,20.06%,0.45%,-1330897.0
2020-02-21,7182036.0,17.88%,0.41%,-738192.0
2020-02-22,7406150.0,16.12%,0.29%,224114.0
2020-02-23,9239084.0,14.53%,0.31%,1832934.0
2020-02-24,8324616.0,15.18%,0.30%,-914468.0
2020-02-25,8978459.0,15.35%,0.30%,653843.0
2020-02-26,9111578.0,15.67%,0.28%,133119.0
2020-02-27,8670134.0,16.21%,0.31%,-441444.0
2020-02-28,7531061.0,16.13%,0.30%,-1139073.0
2020-02-29,8432927.0,15.46%,0.29%,901866.0
2020-03-01,12255149.0,15.24%,3.65%,3822222.0
2020-03-02,9715966.0,14.12%,3.31%,-2539183.0
2020-03-03,10520096.0,12.75%,4.47%,804130.0
2020-03-04,9723537.0,13.62%,0.32%,-796559.0
2020-03-05,8783248.0,13.20%,0.26%,-940289.0
2020-03-06,8432308.0,15.53%,0.28%,-350940.0
2020-03-07,8705161.0,14.78%,0.24%,272853.0
2020-03-08,10989028.0,14.17%,0.43%,2283867.0
2020-03-09,9517514.0,14.49%,0.62%,-1471514.0
2020-03-10,9293987.0,13.37%,0.53%,-223527.0
2020-03-11,9447835.0,12.19%,0.46%,153848.0
2020-03-12,8286728.0,13.95%,0.30%,-1161107.0
2020-03-13,6032948.0,13.54%,0.33%,-2253780.0
2020-03-14,6877707.0,15.15%,0.27%,844759.0
2020-03-15,7704831.0,13.07%,0.28%,827124.0
2020-03-16,6765826.0,16.08%,0.29%,-939005.0
2020-03-17,7150056.0,16.34%,0.30%,384230.0
2020-03-18,9505771.0,18.33%,1.91%,2355715.0
2020-03-19,9180622.0,18.68%,2.19%,-325149.0
2020-03-20,8849723.0,18.99%,2.69%,-330899.0
2020-03-21,9364469.0,20.75%,0.28%,514746.0
2020-03-22,10483983.0,20.31%,0.28%,1119514.0
2020-03-23,8672006.0,20.93%,0.27%,-1811977.0
2020-03-24,9695268.0,22.62%,0.27%,1023262.0
2020-03-25,10774999.0,22.17%,0.28%,1079731.0
2020-03-26,10753256.0,21.56%,0.27%,-21743.0
2020-03-27,11672917.0,21.18%,1.97%,919661.0
2020-03-28,11794301.0,22.28%,1.46%,121384.0
2020-03-29,14714630.0,21.47%,1.68%,2920329.0
2020-03-30,10965620.0,20.28%,0.35%,-3749010.0
2020-03-31,11163501.0,19.92%,0.33%,197881.0
2020-04-01,13293305.0,21.23%,1.38%,2129804.0
2020-04-02,12534917.0,20.35%,1.14%,-758388.0
2020-04-03,14110365.0,21.59%,1.51%,1575448.0
2020-04-04,12493648.0,21.66%,0.29%,-1616717.0
2020-04-05,14402206.0,20.63%,0.35%,1908558.0
2020-04-06,14862770.0,19.52%,0.60%,460564.0
2020-04-07,13321658.0,14.94%,0.31%,-1541112.0
2020-04-08,12748460.0,15.80%,0.28%,-573198.0
2020-04-09,10710977.0,11.85%,0.25%,-2037483.0
2020-04-10,11102519.0,11.07%,0.25%,391542.0
2020-04-11,10084582.0,14.33%,0.28%,-1017937.0
2020-04-12,10238983.0,13.64%,0.38%,154401.0
2020-04-13,12930675.0,11.32%,0.38%,2691692.0
2020-04-14,12809802.0,13.83%,0.32%,-120873.0
2020-04-15,12492782.0,11.67%,0.27%,-317020.0
2020-04-16,12421909.0,11.67%,0.26%,-70873.0
2020-04-17,12323222.0,13.81%,0.28%,-98687.0
2020-04-18,12560398.0,11.84%,0.27%,237176.0
2020-04-19,13017062.0,11.21%,0.36%,456664.0
2020-04-20,12557829.0,12.46%,0.36%,-459233.0
2020-04-21,11952997.0,11.42%,0.32%,-604832.0
2020-04-22,11989068.0,10.29%,0.30%,36071.0
2020-04-23,12126283.0,11.88%,0.34%,137215.0
2020-04-24,12452381.0,15.45%,0.33%,326098.0
2020-04-25,12281330.0,14.71%,0.30%,-171051.0
2020-04-26,13706232.0,13.91%,0.36%,1424902.0
2020-04-27,12108391.0,12.20%,0.35%,-1597841.0
2020-04-28,13094622.0,12.95%,0.34%,986231.0
2020-04-29,13692561.0,15.85%,0.37%,597939.0
2020-04-30,11895262.0,16.29%,0.34%,-1797299.0
2020-05-01,13494886.0,18.13%,0.34%,1599624.0
2020-05-02,12489796.0,17.21%,0.30%,-1005090.0
2020-05-03,13463675.0,17.73%,0.97%,973879.0
2020-05-04,12898005.0,17.72%,0.85%,-565670.0
2020-05-05,12572087.0,16.60%,0.82%,-325918.0
2020-05-06,12440685.0,16.78%,0.32%,-131402.0
2020-05-07,11039178.0,20.68%,0.39%,-1401507.0
2020-05-08,10408363.0,17.53%,0.47%,-630815.0
2020-05-09,10515296.0,15.75%,0.42%,106933.0
2020-05-10,14409229.0,16.23%,0.34%,3893933.0
2020-05-11,13081245.0,15.36%,0.33%,-1327984.0
2020-05-12,12433663.0,15.04%,0.35%,-647582.0
2020-05-13,12136307.0,13.17%,0.34%,-297356.0
2020-05-14,11014933.0,13.88%,0.33%,-1121374.0
2020-05-15,10344545.0,14.78%,0.32%,-670388.0
2020-05-16,10128046.0,15.29%,0.33%,-216499.0
2020-05-17,12194699.0,15.07%,0.37%,2066653.0
2020-05-18,11419154.0,12.66%,0.36%,-775545.0
2020-05-19,11575528.0,13.36%,0.32%,156374.0
2020-05-20,9860127.0,14.54%,0.34%,-1715401.0
2020-05-21,10766819.0,14.75%,0.31%,906692.0
2020-05-22,10686628.0,14.06%,0.32%,-80191.0
2020-05-23,11343395.0,14.58%,0.29%,656767.0
2020-05-24,12491958.0,13.83%,0.35%,1148563.0
2020-05-25,11328141.0,12.65%,0.36%,-1163817.0
2020-05-26,11415537.0,12.29%,0.33%,87396.0
2020-05-27,11523420.0,12.90%,0.33%,107883.0
2020-05-28,10887964.0,12.58%,0.31%,-635456.0
2020-05-29,10443231.0,16.38%,0.37%,-444733.0
2020-05-30,9918243.0,16.80%,0.32%,-524988.0
2020-05-31,11003596.0,16.95%,0.36%,1085353.0
2020-06-01,12223796.0,14.71%,0.33%,1220200.0
2020-06-02,11073284.0,12.87%,0.30%,-1150512.0
2020-06-03,11946823.0,15.47%,0.29%,873539.0
2020-06-04,11881042.0,15.52%,0.35%,-65781.0
2020-06-05,11117841.0,17.58%,0.39%,-763201.0
2020-06-06,11570307.0,17.24%,0.34%,452466.0
2020-06-07,15503711.0,19.98%,0.63%,3933404.0
2020-06-08,11626495.0,18.24%,0.62%,-3877216.0
2020-06-09,12174925.0,19.02%,0.63%,548430.0
2020-06-10,11321067.0,18.77%,0.33%,-853858.0
2020-06-11,11860656.0,19.62%,0.32%,539589.0
2020-06-12,9673717.0,17.99%,0.32%,-2186939.0
2020-06-13,9992504.0,18.22%,0.27%,318787.0
2020-06-14,14887966.0,20.37%,0.30%,4895462.0
2020-06-15,12093874.0,18.92%,0.33%,-2794092.0
2020-06-16,12238342.0,19.06%,0.31%,144468.0
2020-06-17,12883263.0,21.20%,0.29%,644921.0
2020-06-18,11661588.0,20.10%,0.29%,-1221675.0
2020-06-19,10416209.0,20.78%,0.29%,-1245379.0
2020-06-20,10411156.0,20.26%,0.28%,-5053.0
2020-06-21,13239366.0,19.75%,0.31%,2828210.0
2020-06-22,11731895.0,18.79%,0.32%,-1507471.0
2020-06-23,12262953.0,18.43%,0.28%,531058.0
2020-06-24,12134062.0,18.31%,0.27%,-128891.0
2020-06-25,11473998.0,20.53%,0.27%,-660064.0
2020-06-26,10184225.0,20.03%,0.25%,-1289773.0
2020-06-27,10037914.0,21.02%,0.25%,-146311.0
2020-06-28,13590532.0,23.26%,0.30%,3552618.0
2020-06-29,11690367.0,21.46%,0.31%,-1900165.0
2020-06-30,11348099.0,20.31%,0.27%,-342268.0
2020-07-01,12692450.0,21.81%,0.32%,1344351.0
2020-07-02,11194447.0,20.86%,0.28%,-1498003.0
2020-07-03,9786713.0,21.49%,0.29%,-1407734.0
2020-07-04,9795060.0,22.08%,0.28%,8347.0
2020-07-05,12467141.0,22.87%,0.32%,2672081.0
2020-07-06,12007225.0,21.54%,0.31%,-459916.0
2020-07-07,11386524.0,20.91%,0.29%,-620701.0
2020-07-08,11738232.0,23.05%,0.28%,351708.0
2020-07-09,10617708.0,22.90%,0.30%,-1120524.0
2020-07-10,9670525.0,23.53%,0.30%,-947183.0
2020-07-11,9546536.0,23.33%,0.27%,-123989.0
2020-07-12,14643820.0,25.14%,3.91%,5097284.0
2020-07-13,13161156.0,23.12%,3.51%,-1482664.0
2020-07-14,14600214.0,24.04%,3.42%,1439058.0
2020-07-15,9969327.0,20.34%,0.31%,-4630887.0
2020-07-16,9479914.0,18.61%,0.29%,-489413.0
2020-07-17,9576457.0,23.77%,0.34%,96543.0
2020-07-18,8070853.0,20.53%,0.27%,-1505604.0
2020-07-19,9470049.0,17.34%,0.31%,1399196.0
2020-07-20,9558011.0,16.50%,0.32%,87962.0
2020-07-21,9508150.0,16.61%,0.29%,-49861.0
2020-07-22,9885278.0,16.20%,0.29%,377128.0
2020-07-23,9502768.0,17.89%,0.30%,-382510.0
2020-07-24,8690161.0,18.33%,0.29%,-812607.0
2020-07-25,8204360.0,21.24%,0.38%,-485801.0
2020-07-26,10287089.0,17.77%,0.38%,2082729.0
2020-07-27,9631227.0,16.50%,0.39%,-655862.0
2020-07-28,9562298.0,16.72%,0.31%,-68929.0
2020-07-29,9541738.0,16.62%,0.29%,-20560.0
2020-07-30,9146495.0,17.68%,0.27%,-395243.0
2020-07-31,7724315.0,18.89%,0.29%,-1422180.0
2020-08-01,7564108.0,18.83%,0.23%,-160207.0
2020-08-02,10294643.0,15.89%,0.26%,2730535.0
2020-08-03,10120532.0,15.30%,0.27%,-174111.0
2020-08-04,10158229.0,15.66%,0.26%,37697.0
2020-08-05,9550800.0,15.18%,0.25%,-607429.0
2020-08-06,8869413.0,19.47%,0.29%,-681387.0
2020-08-07,7919750.0,18.31%,0.31%,-949663.0
2020-08-08,7338259.0,17.22%,0.29%,-581491.0
2020-08-09,9987294.0,18.66%,0.84%,2649035.0
2020-08-10,9982246.0,16.39%,0.77%,-5048.0
2020-08-11,9953648.0,16.35%,0.79%,-28598.0
2020-08-12,9654946.0,15.81%,0.34%,-298702.0
2020-08-13,9165281.0,20.28%,0.39%,-489665.0
2020-08-14,8137214.0,18.99%,0.43%,-1028067.0
2020-08-15,8347498.0,20.65%,0.40%,210284.0
2020-08-16,10058824.0,19.10%,0.36%,1711326.0
2020-08-17,9622429.0,16.53%,0.36%,-436395.0
2020-08-18,9875665.0,16.66%,0.33%,253236.0
2020-08-19,9733389.0,19.58%,0.35%,-142276.0
2020-08-20,8414488.0,20.12%,0.34%,-1318901.0
2020-08-21,8145589.0,20.69%,0.41%,-268899.0
2020-08-22,8797824.0,19.79%,0.35%,652235.0
2020-08-23,13661408.0,17.06%,4.69%,4863584.0
2020-08-24,13170485.0,15.32%,5.92%,-490923.0
2020-08-25,10568288.0,16.89%,0.42%,-2602197.0
2020-08-26,11286206.0,17.24%,0.34%,717918.0
2020-08-27,10253279.0,18.06%,0.37%,-1032927.0
2020-08-28,9707959.0,17.10%,0.43%,-545320.0
2020-08-29,10582209.0,17.25%,0.40%,874250.0
2020-08-30,15729602.0,14.77%,1.18%,5147393.0
2020-08-31,13489909.0,16.95%,1.19%,-2239693.0
2020-09-01,12925610.0,13.91%,1.09%,-564299.0
2020-09-02,12971061.0,15.50%,0.31%,45451.0
2020-09-03,12537509.0,15.91%,0.29%,-433552.0
2020-09-04,10022090.0,16.71%,0.31%,-2515419.0
2020-09-05,10758519.0,16.84%,0.28%,736429.0
2020-09-06,15886636.0,13.88%,1.51%,5128117.0
2020-09-07,13070654.0,13.30%,1.31%,-2815982.0
2020-09-08,14007266.0,14.94%,1.45%,936612.0
2020-09-09,12410910.0,15.81%,0.31%,-1596356.0
2020-09-10,11340761.0,14.19%,0.31%,-1070149.0
2020-09-11,9828914.0,16.22%,0.32%,-1511847.0
2020-09-12,9658135.0,16.54%,0.28%,-170779.0
2020-09-13,11875333.0,16.41%,0.36%,2217198.0
2020-09-14,10979720.0,16.54%,0.37%,-895613.0
2020-09-15,10919316.0,15.52%,0.34%,-60404.0
2020-09-16,12515312.0,16.72%,2.44%,1595996.0
2020-09-17,11127654.0,15.37%,2.14%,-1387658.0
2020-09-18,10314540.0,15.73%,2.10%,-813114.0
2020-09-19,10186651.0,15.81%,0.25%,-127889.0
2020-09-20,13084009.0,14.40%,0.38%,2897358.0
2020-09-21,11674942.0,12.28%,0.39%,-1409067.0
2020-09-22,11998132.0,13.79%,0.38%,323190.0
2020-09-23,13191917.0,14.93%,0.29%,1193785.0
2020-09-24,12327062.0,14.04%,0.33%,-864855.0
2020-09-25,12960860.0,13.70%,0.66%,633798.0
2020-09-26,15406178.0,12.20%,0.59%,2445318.0
2020-09-27,18334443.0,11.96%,0.62%,2928265.0
2020-09-28,15108516.0,12.45%,0.35%,-3225927.0
2020-09-29,15074028.0,12.84%,0.31%,-34488.0
2020-09-30,14374461.0,14.06%,0.32%,-699567.0
2020-10-01,14629613.0,12.81%,1.68%,255152.0
2020-10-02,11619068.0,12.66%,0.26%,-3010545.0
2020-10-03,13075037.0,13.32%,0.23%,1455969.0
2020-10-04,15348412.0,12.72%,0.28%,2273375.0
2020-10-05,13183032.0,9.59%,0.29%,-2165380.0
2020-10-06,13509539.0,11.19%,0.29%,326507.0
2020-10-07,13848886.0,10.60%,0.27%,339347.0
2020-10-08,12710685.0,12.32%,0.26%,-1138201.0
2020-10-09,11002418.0,13.35%,0.27%,-1708267.0
2020-10-10,12242148.0,12.17%,0.24%,1239730.0
2020-10-11,20610294.0,15.58%,2.23%,8368146.0
2020-10-12,17381888.0,15.43%,1.97%,-3228406.0
2020-10-13,16866823.0,15.08%,2.17%,-515065.0
2020-10-14,14551109.0,14.95%,0.29%,-2315714.0
2020-10-15,14280563.0,14.48%,0.23%,-270546.0
2020-10-16,13658158.0,17.08%,0.27%,-622405.0
2020-10-17,13921162.0,16.24%,0.24%,263004.0
2020-10-18,16636302.0,15.90%,0.30%,2715140.0
2020-10-19,14348093.0,16.93%,0.31%,-2288209.0
2020-10-20,14033252.0,15.70%,0.28%,-314841.0
2020-10-21,13975292.0,15.70%,0.26%,-57960.0
2020-10-22,13727361.0,20.28%,0.28%,-247931.0
2020-10-23,12475393.0,17.48%,0.25%,-1251968.0
2020-10-24,12552234.0,17.60%,0.24%,76841.0
2020-10-25,16187030.0,16.84%,0.47%,3634796.0
2020-10-26,14583493.0,16.61%,0.45%,-1603537.0
2020-10-27,15138820.0,16.43%,0.47%,555327.0
2020-10-28,12470762.0,12.45%,0.24%,-2668058.0
2020-10-29,12799416.0,14.03%,0.24%,328654.0
2020-10-30,11338885.0,13.47%,0.27%,-1460531.0
2020-10-31,10863755.0,12.77%,0.24%,-475130.0
2020-11-01,14581278.0,12.80%,0.28%,3717523.0
2020-11-02,11744993.0,12.10%,0.30%,-2836285.0
2020-11-03,12307494.0,12.38%,0.31%,562501.0
2020-11-04,13116140.0,13.18%,0.28%,808646.0
2020-11-05,13456791.0,14.08%,0.30%,340651.0
2020-11-06,12506666.0,16.37%,0.29%,-950125.0
2020-11-07,13242165.0,18.99%,0.28%,735499.0
2020-11-08,15836972.0,16.06%,0.33%,2594807.0
2020-11-09,13113957.0,14.06%,0.32%,-2723015.0
2020-11-10,13032972.0,14.15%,0.30%,-80985.0
2020-11-11,16819804.0,14.14%,3.50%,3786832.0
2020-11-12,12066702.0,15.21%,0.33%,-4753102.0
2020-11-13,11178079.0,15.25%,0.32%,-888623.0
2020-11-14,11677509.0,15.09%,0.30%,499430.0
2020-11-15,14273841.0,15.26%,0.42%,2596332.0
2020-11-16,12161317.0,15.25%,0.37%,-2112524.0
2020-11-17,12549789.0,14.55%,0.32%,388472.0
2020-11-18,12438290.0,15.64%,0.30%,-111499.0
2020-11-19,16603583.0,21.04%,0.75%,4165293.0
2020-11-20,22063442.0,26.44%,1.03%,5459859.0
2020-11-21,19526282.0,25.23%,0.85%,-2537160.0
2020-11-22,23541272.0,23.97%,0.85%,4014990.0
2020-11-23,20377729.0,24.44%,0.92%,-3163543.0
2020-11-24,23205623.0,26.89%,1.02%,2827894.0
2020-11-25,23384570.0,27.52%,0.91%,178947.0
2020-11-26,37402028.0,30.93%,1.03%,14017458.0
2020-11-27,69357915.0,30.40%,0.93%,31955887.0
2020-11-28,16549271.0,24.22%,0.48%,-52808644.0
2020-11-29,17108263.0,20.54%,0.41%,558992.0
2020-11-30,24367452.0,24.39%,8.02%,7259189.0
2020-12-01,13374584.0,17.53%,0.29%,-10992868.0
2020-12-02,13849476.0,17.46%,0.23%,474892.0
2020-12-03,12946310.0,16.48%,0.24%,-903166.0
2020-12-04,12915115.0,18.91%,0.28%,-31195.0
2020-12-05,13583783.0,19.03%,0.26%,668668.0
2020-12-06,14574046.0,18.10%,0.26%,990263.0
2020-12-07,13132483.0,16.20%,0.27%,-1441563.0
2020-12-08,14463735.0,16.67%,0.27%,1331252.0
2020-12-09,14883989.0,15.52%,0.26%,420254.0
2020-12-10,14736781.0,16.78%,0.26%,-147208.0
2020-12-11,14131835.0,17.43%,0.30%,-604946.0
2020-12-12,15532685.0,17.87%,0.27%,1400850.0
2020-12-13,18876184.0,18.28%,0.77%,3343499.0
2020-12-14,15862965.0,17.75%,0.86%,-3013219.0
2020-12-15,16669885.0,19.39%,1.31%,806920.0
2020-12-16,16566652.0,19.41%,1.16%,-103233.0
2020-12-17,15603573.0,20.35%,0.99%,-963079.0
2020-12-18,12944411.0,20.54%,0.31%,-2659162.0
2020-12-19,12553358.0,21.84%,0.35%,-391053.0
2020-12-20,13334322.0,22.68%,0.35%,780964.0
2020-12-21,10706303.0,22.13%,0.32%,-2628019.0
2020-12-22,9569871.0,22.83%,0.33%,-1136432.0
2020-12-23,8704642.0,23.90%,0.33%,-865229.0
2020-12-24,6910601.0,25.16%,0.31%,-1794041.0
2020-12-25,9415565.0,25.00%,0.26%,2504964.0
2020-12-26,12823843.0,28.17%,0.29%,3408278.0
2020-12-27,14254985.0,26.56%,0.30%,1431142.0
2020-12-28,15101297.0,24.85%,0.31%,846312.0
2020-12-29,14819362.0,24.47%,0.32%,-281935.0
2020-12-30,13462184.0,23.96%,0.34%,-1357178.0
2020-12-31,8985773.0,25.52%,0.65%,-4476411.0
2021-01-01,9494420.0,24.59%,0.36%,508647.0
2021-01-02,12189922.0,24.39%,0.29%,2695502.0
2021-01-03,15336992.0,25.52%,2.78%,3147070.0
2021-01-04,14166409.0,24.76%,2.37%,-1170583.0
2021-01-05,14233622.0,23.84%,2.32%,67213.0
2021-01-06,13425628.0,23.09%,0.34%,-807994.0
2021-01-07,13291525.0,23.89%,0.31%,-134103.0
2021-01-08,12936815.0,26.38%,0.34%,-354710.0
2021-01-09,12720980.0,25.70%,0.31%,-215835.0
2021-01-10,15263962.0,29.78%,0.83%,2542982.0
2021-01-11,13779829.0,29.18%,0.78%,-1484133.0
2021-01-12,14969432.0,28.37%,0.75%,1189603.0
2021-01-13,13941209.0,27.15%,0.29%,-1028223.0
2021-01-14,13919279.0,27.33%,0.30%,-21930.0
2021-01-15,15958610.0,32.56%,0.32%,2039331.0
2021-01-16,15203208.0,32.47%,0.28%,-755402.0
2021-01-17,16696868.0,31.72%,0.35%,1493660.0
2021-01-18,13669636.0,30.68%,0.33%,-3027232.0
2021-01-19,14709284.0,30.42%,0.33%,1039648.0
2021-01-20,14397057.0,30.01%,0.29%,-312227.0
2021-01-21,15157248.0,33.56%,0.35%,760191.0
2021-01-22,13453706.0,31.08%,0.32%,-1703542.0
2021-01-23,14627689.0,30.87%,0.31%,1173983.0
2021-01-24,19567020.0,31.91%,3.96%,4939331.0
2021-01-25,16217856.0,30.78%,3.56%,-3349164.0
2021-01-26,18702303.0,31.53%,3.78%,2484447.0
2021-01-27,13368292.0,23.43%,0.29%,-5334011.0
2021-01-28,13518629.0,23.70%,0.30%,150337.0
2021-01-29,12671973.0,23.30%,0.28%,-846656.0
2021-01-30,14362512.0,23.16%,0.28%,1690539.0
2021-01-31,15242012.0,21.76%,0.34%,879500.0
2021-02-01,13804336.0,22.34%,0.32%,-1437676.0
2021-02-02,14407497.0,22.17%,0.30%,603161.0
2021-02-03,15145481.0,22.87%,0.30%,737984.0
2021-02-04,13982016.0,24.01%,0.31%,-1163465.0
2021-02-05,12853585.0,23.32%,0.33%,-1128431.0
2021-02-06,14391113.0,23.96%,0.28%,1537528.0
2021-02-07,17268131.0,19.94%,2.04%,2877018.0
2021-02-08,13808653.0,19.89%,1.78%,-3459478.0
2021-02-09,13793209.0,20.29%,1.61%,-15444.0
2021-02-10,13664385.0,20.90%,1.42%,-128824.0
2021-02-11,13015284.0,24.89%,1.40%,-649101.0
2021-02-12,12388070.0,22.52%,1.52%,-627214.0
2021-02-13,13269121.0,20.75%,1.63%,881051.0
2021-02-14,15712429.0,18.97%,2.02%,2443308.0
2021-02-15,12520494.0,18.66%,0.35%,-3191935.0
2021-02-16,13274322.0,19.85%,0.33%,753828.0
2021-02-17,14559787.0,19.75%,0.31%,1285465.0
2021-02-18,13994950.0,22.40%,0.34%,-564837.0
2021-02-19,13025995.0,19.80%,0.32%,-968955.0
2021-02-20,14134654.0,18.14%,0.28%,1108659.0
2021-02-21,17687591.0,15.08%,0.31%,3552937.0
2021-02-22,16297754.0,13.99%,0.33%,-1389837.0
2021-02-23,16026842.0,13.27%,0.31%,-270912.0
2021-02-24,16434651.0,12.78%,0.28%,407809.0
2021-02-25,16085599.0,14.50%,0.28%,-349052.0
2021-02-26,15555301.0,14.78%,0.29%,-530298.0
2021-02-27,15990484.0,15.11%,0.28%,435183.0
2021-02-28,17683768.0,13.78%,0.34%,1693284.0
2021-03-01,15185644.0,13.72%,0.31%,-2498124.0
2021-03-02,15237411.0,13.82%,0.28%,51767.0
2021-03-03,15983888.0,13.98%,0.28%,746477.0
2021-03-04,14767093.0,13.76%,0.27%,-1216795.0
2021-03-05,13615902.0,16.06%,0.29%,-1151191.0
2021-03-06,14226419.0,15.91%,0.26%,610517.0
2021-03-07,16794996.0,14.75%,0.33%,2568577.0
2021-03-08,13513670.0,15.46%,0.42%,-3281326.0
2021-03-09,14005504.0,16.07%,0.39%,491834.0
2021-03-10,13965188.0,15.91%,0.34%,-40316.0
2021-03-11,13269490.0,14.66%,0.26%,-695698.0
2021-03-12,12200733.0,14.76%,0.27%,-1068757.0
2021-03-13,13476128.0,14.96%,0.24%,1275395.0
2021-03-14,16618458.0,14.05%,0.30%,3142330.0
2021-03-15,12999433.0,13.10%,0.32%,-3619025.0
2021-03-16,13538674.0,15.00%,0.30%,539241.0
2021-03-17,13906786.0,14.58%,0.28%,368112.0
2021-03-18,12842143.0,14.81%,0.28%,-1064643.0
2021-03-19,12547255.0,19.48%,0.29%,-294888.0
2021-03-20,13586785.0,17.53%,0.26%,1039530.0
2021-03-21,16545129.0,15.84%,0.44%,2958344.0
2021-03-22,13183427.0,13.94%,0.38%,-3361702.0
2021-03-23,14414690.0,15.35%,0.40%,1231263.0
2021-03-24,14899072.0,14.61%,0.24%,484382.0
2021-03-25,14608608.0,14.89%,0.23%,-290464.0
2021-03-26,13299696.0,14.90%,0.24%,-1308912.0
2021-03-27,15082946.0,14.71%,0.22%,1783250.0
2021-03-28,16777260.0,13.66%,0.21%,1694314.0
2021-03-29,15957324.0,13.18%,0.21%,-819936.0
2021-03-30,15554854.0,11.93%,0.22%,-402470.0
2021-03-31,16242740.0,15.18%,0.28%,687886.0
2021-04-01,14220806.0,19.09%,0.37%,-2021934.0
2021-04-02,15530110.0,17.65%,0.40%,1309304.0
2021-04-03,12789743.0,15.44%,0.34%,-2740367.0
2021-04-04,12226395.0,15.73%,0.20%,-563348.0
2021-04-05,16381421.0,14.27%,0.18%,4155026.0
2021-04-06,14518249.0,13.92%,0.22%,-1863172.0
2021-04-07,15975044.0,18.37%,0.25%,1456795.0
2021-04-08,15058768.0,16.96%,0.24%,-916276.0
2021-04-09,13275294.0,16.93%,0.22%,-1783474.0
2021-04-10,13717291.0,18.04%,0.21%,441997.0
2021-04-11,22157252.0,18.19%,0.87%,8439961.0
2021-04-12,16331144.0,17.17%,0.65%,-5826108.0
2021-04-13,16042036.0,16.93%,0.65%,-289108.0
2021-04-14,16886451.0,19.41%,0.37%,844415.0
2021-04-15,15625440.0,18.50%,0.32%,-1261011.0
2021-04-16,15560745.0,19.87%,0.35%,-64695.0
2021-04-17,15161391.0,19.47%,0.21%,-399354.0
2021-04-18,19710129.0,19.26%,0.24%,4548738.0
2021-04-19,16230334.0,17.42%,0.51%,-3479795.0
2021-04-20,15883190.0,17.74%,0.24%,-347144.0
2021-04-21,17316499.0,18.47%,0.32%,1433309.0
2021-04-22,17026256.0,19.38%,0.30%,-290243.0
2021-04-23,14737764.0,20.07%,0.29%,-2288492.0
2021-04-24,15222805.0,20.60%,0.28%,485041.0
2021-04-25,23266256.0,20.11%,2.86%,8043451.0
2021-04-26,19721520.0,18.79%,2.67%,-3544736.0
2021-04-27,21094618.0,19.03%,2.70%,1373098.0
2021-04-28,16215628.0,15.89%,0.29%,-4878990.0
2021-04-29,16899753.0,16.99%,0.26%,684125.0
2021-04-30,14566775.0,16.06%,0.32%,-2332978.0
2021-05-01,16617741.0,16.15%,0.27%,2050966.0
2021-05-02,21098892.0,14.60%,0.30%,4481151.0
2021-05-03,16069671.0,13.22%,0.22%,-5029221.0
2021-05-04,17330040.0,13.81%,0.22%,1260369.0
2021-05-05,18284072.0,15.31%,0.93%,954032.0
2021-05-06,19035423.0,14.26%,2.58%,751351.0
2021-05-07,15236158.0,14.52%,0.75%,-3799265.0
2021-05-08,14333892.0,14.18%,0.69%,-902266.0
2021-05-09,17797115.0,12.96%,0.80%,3463223.0
2021-05-10,17151841.0,12.24%,0.39%,-645274.0
2021-05-11,17697059.0,14.49%,0.38%,545218.0
2021-05-12,15395812.0,17.21%,0.51%,-2301247.0
2021-05-13,18802323.0,17.43%,0.54%,3406511.0
2021-05-14,16285205.0,22.51%,0.46%,-2517118.0
2021-05-15,15574729.0,17.42%,0.31%,-710476.0
2021-05-16,19632701.0,16.03%,0.26%,4057972.0
2021-05-17,16128451.0,14.19%,0.24%,-3504250.0
2021-05-18,16076904.0,14.48%,0.23%,-51547.0
2021-05-19,17174600.0,16.00%,0.29%,1097696.0
2021-05-20,14603298.0,14.32%,0.28%,-2571302.0
2021-05-21,13532293.0,15.92%,0.26%,-1071005.0
2021-05-22,13912174.0,16.46%,0.23%,379881.0
2021-05-23,14403054.0,15.93%,0.21%,490880.0
2021-05-24,18568259.0,14.97%,1.30%,4165205.0
2021-05-25,15891811.0,13.98%,1.01%,-2676448.0
2021-05-26,16597500.0,14.53%,1.10%,705689.0
2021-05-27,15578236.0,15.13%,0.28%,-1019264.0
2021-05-28,14133127.0,15.37%,0.30%,-1445109.0
2021-05-29,13682253.0,15.39%,0.28%,-450874.0
2021-05-30,19561093.0,17.82%,0.40%,5878840.0
2021-05-31,18289842.0,15.72%,0.28%,-1271251.0
2021-06-01,17960067.0,15.91%,0.25%,-329775.0
2021-06-02,16948379.0,16.01%,0.28%,-1011688.0
2021-06-03,18183456.0,16.83%,0.26%,1235077.0
2021-06-04,15887848.0,15.76%,0.29%,-2295608.0
2021-06-05,16044748.0,16.10%,0.26%,156900.0
2021-06-06,24336696.0,20.65%,1.08%,8291948.0
2021-06-07,18885233.0,18.75%,0.89%,-5451463.0
2021-06-08,18459576.0,19.34%,0.89%,-425657.0
2021-06-09,18783259.0,19.79%,0.31%,323683.0
2021-06-10,16951334.0,19.24%,0.28%,-1831925.0
2021-06-11,15681703.0,20.75%,0.40%,-1269631.0
2021-06-12,15113700.0,19.86%,0.36%,-568003.0
2021-06-13,24116734.0,23.98%,2.05%,9003034.0
2021-06-14,21349775.0,21.86%,1.59%,-2766959.0
2021-06-15,19945255.0,21.59%,1.54%,-1404520.0
2021-06-16,19079910.0,21.14%,0.42%,-865345.0
2021-06-17,17842345.0,21.13%,0.32%,-1237565.0
2021-06-18,15415997.0,21.54%,0.27%,-2426348.0
2021-06-19,15544971.0,23.56%,0.68%,128974.0
2021-06-20,18968315.0,22.71%,0.58%,3423344.0
2021-06-21,17033063.0,23.59%,0.54%,-1935252.0
2021-06-22,15909768.0,22.74%,0.43%,-1123295.0
2021-06-23,16497922.0,24.10%,0.76%,588154.0
2021-06-24,15177485.0,26.38%,0.55%,-1320437.0
2021-06-25,13897868.0,25.70%,0.49%,-1279617.0
2021-06-26,13782991.0,25.62%,0.46%,-114877.0
2021-06-27,19628272.0,27.69%,1.47%,5845281.0
2021-06-28,16940163.0,26.45%,1.30%,-2688109.0
2021-06-29,16811586.0,27.11%,1.76%,-128577.0
2021-06-30,16262199.0,27.65%,0.32%,-549387.0
2021-07-01,15101173.0,26.68%,0.26%,-1161026.0
2021-07-02,12704389.0,27.82%,0.34%,-2396784.0
2021-07-03,12296083.0,25.28%,0.22%,-408306.0
2021-07-04,16920904.0,25.85%,0.23%,4624821.0
2021-07-05,14970228.0,24.52%,0.23%,-1950676.0
2021-07-06,15057959.0,25.51%,0.22%,87731.0
2021-07-07,14316790.0,25.57%,0.27%,-741169.0
2021-07-08,13975819.0,27.95%,0.36%,-340971.0
2021-07-09,11846889.0,28.00%,0.35%,-2128930.0
2021-07-10,11124963.0,27.53%,0.31%,-721926.0
2021-07-11,18782983.0,29.20%,3.29%,7658020.0
2021-07-12,14890345.0,26.64%,2.91%,-3892638.0
2021-07-13,17429443.0,27.52%,3.15%,2539098.0
2021-07-14,11826544.0,19.07%,0.30%,-5602899.0
2021-07-15,10919192.0,20.15%,0.36%,-907352.0
2021-07-16,9551739.0,19.39%,0.42%,-1367453.0
2021-07-17,9910554.0,21.37%,0.41%,358815.0
2021-07-18,11654567.0,17.41%,0.35%,1744013.0
2021-07-19,10903070.0,15.86%,0.24%,-751497.0
2021-07-20,10503162.0,15.18%,0.24%,-399908.0
2021-07-21,10680366.0,16.57%,0.27%,177204.0
2021-07-22,9572224.0,17.23%,0.26%,-1108142.0
2021-07-23,8781396.0,17.92%,0.33%,-790828.0
2021-07-24,10269412.0,19.44%,3.23%,1488016.0
2021-07-25,12432444.0,19.02%,2.80%,2163032.0
2021-07-26,12193999.0,17.72%,2.74%,-238445.0
2021-07-27,11148473.0,17.64%,0.53%,-1045526.0
2021-07-28,11824954.0,20.24%,0.68%,676481.0
2021-07-29,10894805.0,21.13%,0.77%,-930149.0
2021-07-30,10041365.0,18.51%,2.67%,-853440.0
2021-07-31,9963274.0,19.69%,2.60%,-78091.0
2021-08-01,14321653.0,16.04%,3.75%,4358379.0
2021-08-02,11335007.0,17.84%,0.38%,-2986646.0
2021-08-03,11419816.0,17.48%,0.33%,84809.0
2021-08-04,12163637.0,18.99%,0.44%,743821.0
2021-08-05,11201396.0,19.66%,0.32%,-962241.0
2021-08-06,10095138.0,19.84%,0.31%,-1106258.0
2021-08-07,9774136.0,18.92%,0.27%,-321002.0
2021-08-08,12765777.0,17.70%,1.60%,2991641.0
2021-08-09,11998164.0,16.34%,1.59%,-767613.0
2021-08-10,11607931.0,15.74%,1.68%,-390233.0
2021-08-11,11168192.0,18.07%,0.37%,-439739.0
2021-08-12,10891379.0,19.62%,0.34%,-276813.0
2021-08-13,9131299.0,20.59%,0.30%,-1760080.0
2021-08-14,8354505.0,19.95%,0.28%,-776794.0
2021-08-15,10545497.0,18.43%,0.27%,2190992.0
2021-08-16,12004613.0,18.35%,0.27%,1459116.0
2021-08-17,12585639.0,18.80%,0.47%,581026.0
2021-08-18,12455658.0,18.36%,0.65%,-129981.0
2021-08-19,11585026.0,20.23%,0.75%,-870632.0
2021-08-20,10102721.0,20.53%,0.72%,-1482305.0
2021-08-21,8978421.0,19.19%,0.64%,-1124300.0
2021-08-22,13443803.0,16.77%,0.35%,4465382.0
2021-08-23,12848980.0,18.24%,0.29%,-594823.0
2021-08-24,13702394.0,25.23%,0.34%,853414.0
2021-08-25,13745003.0,20.48%,0.52%,42609.0
2021-08-26,13219034.0,19.73%,0.77%,-525969.0
2021-08-27,12676165.0,18.62%,0.60%,-542869.0
2021-08-28,13020071.0,16.98%,0.46%,343906.0
2021-08-29,17568983.0,14.31%,0.58%,4548912.0
2021-08-30,15153615.0,12.91%,0.44%,-2415368.0
2021-08-31,15188754.0,18.48%,0.60%,35139.0
2021-09-01,14550783.0,19.02%,0.48%,-637971.0
2021-09-02,12190058.0,14.70%,0.38%,-2360725.0
2021-09-03,10229087.0,15.15%,0.33%,-1960971.0
2021-09-04,10170703.0,15.56%,0.31%,-58384.0
2021-09-05,12759802.0,14.48%,0.30%,2589099.0
2021-09-06,13284253.0,14.70%,0.30%,524451.0
2021-09-07,13431312.0,14.84%,0.31%,147059.0
2021-09-08,12866402.0,15.27%,0.40%,-564910.0
2021-09-09,11251820.0,13.97%,0.39%,-1614582.0
2021-09-10,10369677.0,16.53%,0.36%,-882143.0
2021-09-11,11042778.0,14.95%,0.32%,673101.0
2021-09-12,15092288.0,15.85%,0.29%,4049510.0
2021-09-13,13439817.0,15.65%,0.29%,-1652471.0
2021-09-14,13557881.0,15.12%,0.27%,118064.0
2021-09-15,14023332.0,14.24%,0.35%,465451.0
2021-09-16,13438674.0,15.43%,0.29%,-584658.0
2021-09-17,11341324.0,14.04%,0.29%,-2097350.0
2021-09-18,11194654.0,14.09%,0.26%,-146670.0
2021-09-19,19644099.0,14.18%,3.11%,8449445.0
2021-09-20,16970518.0,13.53%,2.61%,-2673581.0
2021-09-21,17434647.0,12.67%,2.96%,464129.0
2021-09-22,14689533.0,13.48%,0.40%,-2745114.0
2021-09-23,13678774.0,14.00%,0.37%,-1010759.0
2021-09-24,11844097.0,15.62%,0.40%,-1834677.0
2021-09-25,11446958.0,15.95%,0.27%,-397139.0
2021-09-26,14618100.0,14.44%,0.27%,3171142.0
2021-09-27,14222337.0,14.96%,0.29%,-395763.0
2021-09-28,21454256.0,15.74%,7.73%,7231919.0
2021-09-29,18381311.0,15.19%,4.43%,-3072945.0
2021-09-30,15692942.0,15.74%,1.23%,-2688369.0
2021-10-01,13178425.0,16.61%,0.26%,-2514517.0
2021-10-02,13252288.0,15.68%,0.22%,73863.0
2021-10-03,18361302.0,15.41%,0.22%,5109014.0
2021-10-04,16259770.0,14.84%,0.22%,-2101532.0
2021-10-05,16713073.0,15.42%,0.23%,453303.0
2021-10-06,17223952.0,16.15%,0.27%,510879.0
2021-10-07,16125123.0,16.86%,0.30%,-1098829.0
2021-10-08,13887452.0,17.36%,0.27%,-2237671.0
2021-10-09,14366299.0,18.51%,0.24%,478847.0
2021-10-10,21537716.0,19.71%,0.94%,7171417.0
2021-10-11,19138467.0,18.19%,0.84%,-2399249.0
2021-10-12,19528792.0,19.17%,0.91%,390325.0
2021-10-13,18630581.0,19.50%,0.30%,-898211.0
2021-10-14,20080499.0,17.78%,2.93%,1449918.0
2021-10-15,14503162.0,19.71%,0.30%,-5577337.0
2021-10-16,14212249.0,18.88%,0.32%,-290913.0
2021-10-17,18481867.0,19.44%,0.32%,4269618.0
2021-10-18,17396398.0,19.00%,1.01%,-1085469.0
2021-10-19,18376634.0,19.49%,1.10%,980236.0
2021-10-20,16180406.0,18.55%,0.28%,-2196228.0
2021-10-21,16552511.0,19.91%,0.25%,372105.0
2021-10-22,14637424.0,19.51%,0.34%,-1915087.0
2021-10-23,15160629.0,19.37%,0.33%,523205.0
2021-10-24,18197606.0,19.48%,0.23%,3036977.0
2021-10-25,21820436.0,20.29%,3.28%,3622830.0
2021-10-26,22878721.0,21.45%,3.82%,1058285.0
2021-10-27,16343699.0,19.41%,0.59%,-6535022.0
2021-10-28,13910502.0,18.10%,0.54%,-2433197.0
2021-10-29,13775894.0,19.13%,1.80%,-134608.0
2021-10-30,14051319.0,19.33%,1.75%,275425.0
2021-10-31,15733237.0,20.80%,2.00%,1681918.0
2021-11-01,16313007.0,16.66%,0.27%,579770.0
2021-11-02,15274383.0,14.94%,0.23%,-1038624.0
2021-11-03,17045999.0,15.02%,0.24%,1771616.0
2021-11-04,16324398.0,14.42%,0.33%,-721601.0
2021-11-05,14198343.0,16.90%,0.33%,-2126055.0
2021-11-06,14549863.0,16.25%,0.34%,351520.0
2021-11-07,18899577.0,15.89%,0.33%,4349714.0
2021-11-08,16081456.0,15.07%,0.33%,-2818121.0
2021-11-09,16279094.0,13.67%,0.30%,197638.0
2021-11-10,16689815.0,15.24%,0.32%,410721.0
2021-11-11,29361190.0,20.27%,11.25%,12671375.0
2021-11-12,12116114.0,15.28%,0.52%,-17245076.0
2021-11-13,13219019.0,16.78%,0.32%,1102905.0
2021-11-14,17206640.0,15.71%,0.31%,3987621.0
2021-11-15,14982346.0,14.10%,0.30%,-2224294.0
2021-11-16,14522708.0,14.23%,0.29%,-459638.0
2021-11-17,15957805.0,17.24%,0.29%,1435097.0
2021-11-18,26363634.0,28.39%,1.22%,10405829.0
2021-11-19,22607379.0,26.02%,0.96%,-3756255.0
2021-11-20,21102777.0,25.48%,0.91%,-1504602.0
2021-11-21,28009675.0,26.50%,0.95%,6906898.0
2021-11-22,22946012.0,24.19%,0.79%,-5063663.0
2021-11-23,24337794.0,25.11%,0.84%,1391782.0
2021-11-24,24515988.0,26.90%,0.84%,178194.0
2021-11-25,41818355.0,32.62%,1.40%,17302367.0
2021-11-26,77562782.0,32.02%,1.26%,35744427.0
2021-11-27,19650764.0,24.12%,1.16%,-57912018.0
2021-11-28,23268957.0,22.29%,1.12%,3618193.0
2021-11-29,33193145.0,24.46%,10.32%,9924188.0
2021-11-30,14021744.0,13.78%,0.51%,-19171401.0
2021-12-01,13526425.0,16.12%,0.36%,-495319.0
2021-12-02,16592762.0,16.25%,0.38%,3066337.0
2021-12-03,14928804.0,16.36%,0.33%,-1663958.0
2021-12-04,15696804.0,14.93%,0.40%,768000.0
2021-12-05,18117228.0,14.41%,0.31%,2420424.0
2021-12-06,17057420.0,14.82%,0.81%,-1059808.0
2021-12-07,17619287.0,14.13%,0.83%,561867.0
2021-12-08,19361601.0,15.31%,0.84%,1742314.0
2021-12-09,18009127.0,15.24%,0.29%,-1352474.0
2021-12-10,16035146.0,15.47%,0.32%,-1973981.0
2021-12-11,17072638.0,17.73%,0.35%,1037492.0
2021-12-12,20582370.0,17.65%,0.33%,3509732.0
2021-12-13,20324253.0,16.85%,1.89%,-258117.0
2021-12-14,20768618.0,16.37%,3.00%,444365.0
2021-12-15,20729205.0,17.05%,3.13%,-39413.0
2021-12-16,19692512.0,19.87%,3.01%,-1036693.0
2021-12-17,17026548.0,18.97%,2.77%,-2665964.0
2021-12-18,16959098.0,19.49%,2.93%,-67450.0
2021-12-19,18769590.0,19.90%,3.01%,1810492.0
2021-12-20,14877454.0,17.99%,0.32%,-3892136.0
2021-12-21,12286404.0,17.73%,0.32%,-2591050.0
2021-12-22,10720180.0,19.14%,0.36%,-1566224.0
2021-12-23,8415628.0,20.86%,0.45%,-2304552.0
2021-12-24,7180298.0,21.48%,0.45%,-1235330.0
2021-12-25,9906509.0,22.13%,0.42%,2726211.0
2021-12-26,15626924.0,24.69%,2.55%,5720415.0
2021-12-27,16550509.0,23.92%,2.34%,923585.0
2021-12-28,17378266.0,24.08%,2.40%,827757.0
2021-12-29,15457846.0,23.85%,0.43%,-1920420.0
2021-12-30,12926063.0,23.19%,0.49%,-2531783.0
2021-12-31,7973697.0,24.53%,0.83%,-4952366.0
2022-01-01,9206392.0,23.79%,0.26%,1232695.0
2022-01-02,13863833.0,24.17%,0.23%,4657441.0
2022-01-03,13712053.0,23.24%,0.26%,-151780.0
2022-01-04,14407945.0,22.63%,0.25%,695892.0
2022-01-05,14064111.0,22.12%,0.26%,-343834.0
2022-01-06,13438413.0,22.96%,0.26%,-625698.0
2022-01-07,12416864.0,22.97%,0.26%,-1021549.0
2022-01-08,12173075.0,22.57%,0.22%,-243789.0
2022-01-09,16066737.0,26.83%,1.03%,3893662.0
2022-01-10,14493474.0,28.11%,0.95%,-1573263.0
2022-01-11,14705238.0,26.95%,1.00%,211764.0
2022-01-12,14846481.0,27.31%,0.28%,141243.0
2022-01-13,13578784.0,27.89%,0.28%,-1267697.0
2022-01-14,14241544.0,31.08%,1.40%,662760.0
2022-01-15,13892738.0,30.06%,1.29%,-348806.0
2022-01-16,16460531.0,27.85%,1.23%,2567793.0
2022-01-17,13491627.0,27.96%,0.27%,-2968904.0
2022-01-18,13602350.0,27.97%,0.25%,110723.0
2022-01-19,14393397.0,28.84%,0.28%,791047.0
2022-01-20,13395215.0,28.47%,0.27%,-998182.0
2022-01-21,12243616.0,28.95%,0.28%,-1151599.0
2022-01-22,12702616.0,27.95%,0.26%,459000.0
2022-01-23,21292779.0,31.60%,7.16%,8590163.0
2022-01-24,17227782.0,30.52%,6.50%,-4064997.0
2022-01-25,19917328.0,30.99%,7.01%,2689546.0
2022-01-26,12053865.0,22.36%,0.49%,-7863463.0
2022-01-27,11822190.0,21.75%,0.40%,-231675.0
2022-01-28,10613054.0,22.21%,0.74%,-1209136.0
2022-01-29,11787297.0,22.67%,0.77%,1174243.0
2022-01-30,13510553.0,20.37%,0.68%,1723256.0
2022-01-31,12199624.0,20.69%,0.78%,-1310929.0
2022-02-01,12894741.0,20.66%,0.38%,695117.0
2022-02-02,13534368.0,21.41%,0.47%,639627.0
2022-02-03,12120638.0,21.96%,0.66%,-1413730.0
2022-02-04,11098486.0,20.65%,0.55%,-1022152.0
2022-02-05,11004250.0,19.07%,0.52%,-94236.0
2022-02-06,16242532.0,17.94%,3.54%,5238282.0
2022-02-07,13433325.0,18.77%,2.92%,-2809207.0
2022-02-08,13707685.0,20.61%,2.89%,274360.0
2022-02-09,14238227.0,22.64%,2.90%,530542.0
2022-02-10,13625786.0,24.02%,3.12%,-612441.0
2022-02-11,12213573.0,21.86%,3.13%,-1412213.0
2022-02-12,12287373.0,21.79%,3.04%,73800.0
2022-02-13,15007198.0,19.41%,3.11%,2719825.0
2022-02-14,13904430.0,19.16%,3.41%,-1102768.0
2022-02-15,12283631.0,18.98%,0.46%,-1620799.0
2022-02-16,13168169.0,19.37%,0.48%,884538.0
2022-02-17,11971682.0,18.25%,0.44%,-1196487.0
2022-02-18,10919671.0,20.61%,0.49%,-1052011.0
2022-02-19,11401168.0,21.57%,0.47%,481497.0
2022-02-20,14571356.0,18.13%,0.42%,3170188.0
2022-02-21,12341156.0,17.56%,0.43%,-2230200.0
2022-02-22,12399390.0,17.36%,0.45%,58234.0
2022-02-23,12478465.0,17.44%,0.63%,79075.0
2022-02-24,11328220.0,20.33%,0.62%,-1150245.0
2022-02-25,10627292.0,20.17%,0.57%,-700928.0
2022-02-26,11360464.0,21.04%,0.56%,733172.0
2022-02-27,13849813.0,20.33%,0.54%,2489349.0
2022-02-28,12908923.0,18.58%,0.55%,-940890.0
2022-03-01,13102444.0,18.00%,0.39%,193521.0
2022-03-02,13406080.0,17.49%,0.50%,303636.0
2022-03-03,12097756.0,17.07%,0.52%,-1308324.0
2022-03-04,11352471.0,18.89%,0.49%,-745285.0
2022-03-05,12323540.0,18.93%,0.49%,971069.0
2022-03-06,15613501.0,17.54%,0.42%,3289961.0
2022-03-07,13066728.0,16.98%,0.41%,-2546773.0
2022-03-08,13353141.0,17.23%,0.41%,286413.0
2022-03-09,14104735.0,17.98%,0.46%,751594.0
2022-03-10,12779979.0,16.72%,0.48%,-1324756.0
2022-03-11,12913002.0,18.31%,2.25%,133023.0
2022-03-12,13250605.0,16.00%,2.36%,337603.0
2022-03-13,16880906.0,15.31%,2.47%,3630301.0
2022-03-14,13780047.0,14.33%,0.43%,-3100859.0
2022-03-15,14297381.0,14.38%,0.38%,517334.0
2022-03-16,14761059.0,13.96%,0.46%,463678.0
2022-03-17,13286058.0,15.42%,0.50%,-1475001.0
2022-03-18,11949802.0,15.96%,0.51%,-1336256.0
2022-03-19,12699178.0,17.22%,0.38%,749376.0
2022-03-20,16247878.0,15.40%,0.42%,3548700.0
2022-03-21,14387977.0,13.57%,0.34%,-1859901.0
2022-03-22,14627795.0,13.49%,0.35%,239818.0
2022-03-23,15627714.0,14.61%,0.35%,999919.0
2022-03-24,14250228.0,14.35%,0.37%,-1377486.0
2022-03-25,13164379.0,15.53%,0.39%,-1085849.0
2022-03-26,13939059.0,16.86%,0.47%,774680.0
2022-03-27,16686392.0,14.59%,0.39%,2747333.0
2022-03-28,15978387.0,14.38%,0.36%,-708005.0
2022-03-29,17048908.0,13.99%,2.19%,1070521.0
2022-03-30,17085043.0,15.07%,1.85%,36135.0
2022-03-31,15989442.0,15.56%,1.98%,-1095601.0
2022-04-01,12865273.0,15.32%,0.28%,-3124169.0
2022-04-02,13497786.0,13.99%,0.24%,632513.0
2022-04-03,20683164.0,17.80%,0.26%,7185378.0
2022-04-04,15950121.0,17.06%,0.26%,-4733043.0
2022-04-05,15612444.0,17.33%,0.26%,-337677.0
2022-04-06,16131484.0,18.41%,0.25%,519040.0
2022-04-07,17295585.0,18.39%,1.76%,1164101.0
2022-04-08,14447362.0,20.79%,0.28%,-2848223.0
2022-04-09,14906468.0,19.27%,0.21%,459106.0
2022-04-10,19808004.0,18.48%,1.64%,4901536.0
2022-04-11,16221609.0,17.54%,1.35%,-3586395.0
2022-04-12,15949671.0,18.71%,1.48%,-271938.0
2022-04-13,14165513.0,18.35%,0.38%,-1784158.0
2022-04-14,12246270.0,18.65%,0.42%,-1919243.0
2022-04-15,13115150.0,20.18%,0.63%,868880.0
2022-04-16,10638887.0,17.38%,0.42%,-2476263.0
2022-04-17,11408554.0,18.62%,0.61%,769667.0
2022-04-18,14545881.0,15.56%,0.35%,3137327.0
2022-04-19,14731588.0,14.72%,0.19%,185707.0
2022-04-20,16448979.0,16.77%,0.22%,1717391.0
2022-04-21,16043189.0,16.77%,0.21%,-405790.0
2022-04-22,14389765.0,18.38%,0.21%,-1653424.0
2022-04-23,14302842.0,17.03%,0.18%,-86923.0
2022-04-24,23465583.0,19.97%,3.40%,9162741.0
2022-04-25,20535615.0,19.08%,4.10%,-2929968.0
2022-04-26,20034243.0,20.09%,3.84%,-501372.0
2022-04-27,19275894.0,20.72%,1.91%,-758349.0
2022-04-28,16896830.0,20.74%,0.26%,-2379064.0
2022-04-29,15655805.0,24.10%,0.26%,-1241025.0
2022-04-30,16189388.0,22.68%,0.24%,533583.0
2022-05-01,21181306.0,22.72%,0.83%,4991918.0
2022-05-02,18633035.0,21.21%,0.66%,-2548271.0
2022-05-03,18796151.0,22.50%,0.84%,163116.0
2022-05-04,18511958.0,23.15%,0.50%,-284193.0
2022-05-05,17137804.0,23.19%,0.43%,-1374154.0
2022-05-06,17327205.0,23.80%,2.61%,189401.0
2022-05-07,17598754.0,22.11%,2.89%,271549.0
2022-05-08,23394245.0,20.14%,3.16%,5795491.0
2022-05-09,15947019.0,13.40%,0.26%,-7447226.0
2022-05-10,17263844.0,13.77%,0.22%,1316825.0
2022-05-11,18208413.0,15.10%,0.24%,944569.0
2022-05-12,16720032.0,15.07%,0.24%,-1488381.0
2022-05-13,14248894.0,15.23%,0.26%,-2471138.0
2022-05-14,13844362.0,13.99%,0.22%,-404532.0
2022-05-15,19236215.0,12.13%,0.34%,5391853.0
2022-05-16,17926799.0,11.69%,0.33%,-1309416.0
2022-05-17,18196142.0,11.61%,0.34%,269343.0
2022-05-18,18464268.0,11.81%,0.31%,268126.0
2022-05-19,17340884.0,13.54%,0.32%,-1123384.0
2022-05-20,14385685.0,12.60%,0.32%,-2955199.0
2022-05-21,14084261.0,14.79%,0.33%,-301424.0
2022-05-22,17741170.0,14.41%,0.30%,3656909.0
2022-05-23,15595323.0,13.12%,0.31%,-2145847.0
2022-05-24,14952136.0,13.67%,0.29%,-643187.0
2022-05-25,12236679.0,13.32%,0.46%,-2715457.0
2022-05-26,14185829.0,15.36%,0.50%,1949150.0
2022-05-27,12653888.0,14.50%,0.44%,-1531941.0
2022-05-28,13108129.0,15.61%,0.41%,454241.0
2022-05-29,16980437.0,15.00%,0.42%,3872308.0
2022-05-30,15853309.0,14.22%,0.92%,-1127128.0
2022-05-31,15967073.0,15.80%,0.93%,113764.0
2022-06-01,15546180.0,16.57%,0.84%,-420893.0
2022-06-02,13748587.0,16.08%,0.85%,-1797593.0
2022-06-03,13249347.0,19.96%,0.79%,-499240.0
2022-06-04,12486813.0,19.61%,0.80%,-762534.0
2022-06-05,15200445.0,20.47%,0.98%,2713632.0
2022-06-06,21604064.0,20.59%,2.75%,6403619.0
2022-06-07,17378115.0,18.84%,2.59%,-4225949.0
2022-06-08,19830435.0,22.49%,3.05%,2452320.0
2022-06-09,15820756.0,21.07%,0.37%,-4009679.0
2022-06-10,13754899.0,22.53%,0.34%,-2065857.0
2022-06-11,13395188.0,21.78%,0.31%,-359711.0
2022-06-12,19290854.0,22.54%,2.54%,5895666.0
2022-06-13,17885739.0,21.25%,2.39%,-1405115.0
2022-06-14,17867691.0,21.43%,2.54%,-18048.0
2022-06-15,15010454.0,21.15%,0.29%,-2857237.0
2022-06-16,15164295.0,20.89%,0.24%,153841.0
2022-06-17,13563100.0,21.83%,0.24%,-1601195.0
2022-06-18,13091591.0,21.86%,0.20%,-471509.0
2022-06-19,17942857.0,22.03%,0.21%,4851266.0
2022-06-20,16627517.0,20.43%,0.22%,-1315340.0
2022-06-21,17467706.0,23.58%,0.25%,840189.0
2022-06-22,16793704.0,24.02%,0.25%,-674002.0
2022-06-23,15269669.0,22.54%,0.25%,-1524035.0
2022-06-24,13916991.0,26.02%,0.26%,-1352678.0
2022-06-25,12774609.0,24.65%,0.24%,-1142382.0
2022-06-26,20777464.0,26.28%,4.69%,8002855.0
2022-06-27,19080886.0,25.30%,4.22%,-1696578.0
2022-06-28,20719214.0,27.20%,4.74%,1638328.0
2022-06-29,16077173.0,24.31%,0.32%,-4642041.0
2022-06-30,15194619.0,24.11%,0.25%,-882554.0
2022-07-01,13572362.0,25.01%,0.22%,-1622257.0
2022-07-02,13045357.0,25.55%,0.21%,-527005.0
2022-07-03,16746626.0,25.84%,0.21%,3701269.0
2022-07-04,16046621.0,25.25%,0.24%,-700005.0
2022-07-05,15860367.0,25.77%,0.24%,-186254.0
2022-07-06,14846031.0,25.55%,0.27%,-1014336.0
2022-07-07,13982136.0,26.27%,0.24%,-863895.0
2022-07-08,11985192.0,25.29%,0.24%,-1996944.0
2022-07-09,11733004.0,25.35%,0.21%,-252188.0
2022-07-10,14779861.0,24.03%,0.18%,3046857.0
2022-07-11,14396304.0,25.62%,0.23%,-383557.0
2022-07-12,14735538.0,26.61%,0.22%,339234.0
2022-07-13,13900507.0,25.72%,0.23%,-835031.0
2022-07-14,13304393.0,26.50%,0.23%,-596114.0
2022-07-15,11569717.0,26.56%,0.24%,-1734676.0
2022-07-16,10867619.0,25.82%,0.22%,-702098.0
2022-07-17,15527587.0,27.10%,2.13%,4659968.0
2022-07-18,15124646.0,25.45%,2.06%,-402941.0
2022-07-19,15714366.0,26.16%,2.22%,589720.0
2022-07-20,11373951.0,19.90%,0.26%,-4340415.0
2022-07-21,10857709.0,22.37%,0.31%,-516242.0
2022-07-22,9907609.0,22.62%,0.39%,-950100.0
2022-07-23,9670962.0,21.75%,0.34%,-236647.0
2022-07-24,11688610.0,20.14%,0.33%,2017648.0
2022-07-25,11902649.0,19.97%,0.24%,214039.0
2022-07-26,11966891.0,20.26%,0.23%,64242.0
2022-07-27,11190488.0,20.32%,0.25%,-776403.0
2022-07-28,10194157.0,20.58%,0.34%,-996331.0
2022-07-29,9754881.0,20.71%,0.60%,-439276.0
2022-07-30,9349328.0,21.66%,0.42%,-405553.0
2022-07-31,11445798.0,21.90%,0.70%,2096470.0
2022-08-01,12135396.0,19.63%,0.66%,689598.0
2022-08-02,11437832.0,19.21%,0.24%,-697564.0
2022-08-03,11357000.0,19.97%,0.32%,-80832.0
2022-08-04,11052513.0,21.14%,0.37%,-304487.0
2022-08-05,9922148.0,21.05%,0.37%,-1130365.0
2022-08-06,9717397.0,21.54%,0.40%,-204751.0
2022-08-07,12244325.0,21.12%,0.39%,2526928.0
2022-08-08,11701240.0,18.94%,0.23%,-543085.0
2022-08-09,11581245.0,19.23%,0.29%,-119995.0
2022-08-10,12267943.0,24.38%,0.36%,686698.0
2022-08-11,11356899.0,23.99%,0.41%,-911044.0
2022-08-12,9720208.0,22.13%,0.27%,-1636691.0
2022-08-13,9019361.0,21.31%,0.23%,-700847.0
2022-08-14,11068613.0,21.57%,0.21%,2049252.0
2022-08-15,12501324.0,20.72%,2.41%,1432711.0
2022-08-16,12451141.0,21.41%,1.12%,-50183.0
2022-08-17,11916190.0,21.94%,0.41%,-534951.0
2022-08-18,11864581.0,22.63%,0.34%,-51609.0
2022-08-19,11206050.0,23.46%,0.23%,-658531.0
2022-08-20,10818485.0,21.74%,0.24%,-387565.0
2022-08-21,12409949.0,20.77%,0.24%,1591464.0
2022-08-22,13839127.0,20.55%,3.19%,1429178.0
2022-08-23,12184999.0,21.72%,1.16%,-1654128.0
2022-08-24,12020326.0,21.41%,0.33%,-164673.0
2022-08-25,10826747.0,21.73%,0.34%,-1193579.0
2022-08-26,10182135.0,20.99%,0.38%,-644612.0
2022-08-27,11075281.0,22.34%,0.57%,893146.0
2022-08-28,13947566.0,20.07%,0.51%,2872285.0
2022-08-29,15554223.0,20.87%,3.34%,1606657.0
2022-08-30,13750228.0,20.47%,1.21%,-1803995.0
2022-08-31,13722960.0,18.17%,0.29%,-27268.0
2022-09-01,12850731.0,19.40%,0.27%,-872229.0
2022-09-02,11193989.0,19.37%,0.27%,-1656742.0
2022-09-03,12148161.0,20.04%,0.34%,954172.0
2022-09-04,14469151.0,19.38%,0.37%,2320990.0
2022-09-05,13637744.0,17.27%,0.31%,-831407.0
2022-09-06,14277776.0,18.38%,0.34%,640032.0
2022-09-07,14697261.0,20.75%,0.33%,419485.0
2022-09-08,14757350.0,19.95%,0.26%,60089.0
2022-09-09,12965932.0,19.19%,0.25%,-1791418.0
2022-09-10,13861262.0,18.88%,0.23%,895330.0
2022-09-11,17306667.0,19.47%,0.23%,3445405.0
2022-09-12,14727984.0,16.53%,0.24%,-2578683.0
2022-09-13,17276705.0,17.64%,3.53%,2548721.0
2022-09-14,19465156.0,20.85%,4.02%,2188451.0
2022-09-15,18020524.0,19.25%,3.86%,-1444632.0
2022-09-16,16436124.0,19.58%,3.69%,-1584400.0
2022-09-17,18564432.0,18.75%,3.69%,2128308.0
2022-09-18,26112344.0,17.60%,4.08%,7547912.0
2022-09-19,17870410.0,15.11%,0.53%,-8241934.0
2022-09-20,17970435.0,16.29%,0.61%,100025.0
2022-09-21,17331234.0,16.59%,0.64%,-639201.0
2022-09-22,15277821.0,16.06%,0.38%,-2053413.0
2022-09-23,14292837.0,18.24%,0.35%,-984984.0
2022-09-24,15571826.0,17.55%,0.30%,1278989.0
2022-09-25,21687542.0,17.97%,1.66%,6115716.0
2022-09-26,19508890.0,16.96%,1.97%,-2178652.0
2022-09-27,19810354.0,17.21%,2.09%,301464.0
2022-09-28,19384631.0,17.37%,0.99%,-425723.0
2022-09-29,17245577.0,17.19%,0.40%,-2139054.0
2022-09-30,14513483.0,19.29%,0.44%,-2732094.0
2022-10-01,15814331.0,17.24%,0.39%,1300848.0
2022-10-02,17488142.0,18.20%,0.36%,1673811.0
2022-10-03,16959686.0,16.82%,0.32%,-528456.0
2022-10-04,14265844.0,15.26%,0.29%,-2693842.0
2022-10-05,15097686.0,16.50%,0.56%,831842.0
2022-10-06,14325693.0,16.64%,0.49%,-771993.0
2022-10-07,12952330.0,18.78%,0.44%,-1373363.0
2022-10-08,13980401.0,17.99%,0.43%,1028071.0
2022-10-09,21686198.0,22.12%,0.44%,7705797.0
2022-10-10,18200290.0,21.70%,0.36%,-3485908.0
2022-10-11,17689356.0,21.10%,0.32%,-510934.0
2022-10-12,18738795.0,21.00%,1.61%,1049439.0
2022-10-13,18952930.0,22.42%,2.08%,214135.0
2022-10-14,16077762.0,21.21%,1.58%,-2875168.0
2022-10-15,15296283.0,21.84%,0.38%,-781479.0
2022-10-16,18951567.0,22.91%,0.84%,3655284.0
2022-10-17,15991740.0,22.89%,0.37%,-2959827.0
2022-10-18,16328423.0,22.22%,0.35%,336683.0
2022-10-19,16931133.0,22.23%,0.52%,602710.0
2022-10-20,16367353.0,23.36%,0.49%,-563780.0
2022-10-21,14599243.0,23.17%,0.44%,-1768110.0
2022-10-22,14628069.0,23.21%,0.39%,28826.0
2022-10-23,22545811.0,23.71%,3.13%,7917742.0
2022-10-24,20127025.0,22.77%,3.06%,-2418786.0
2022-10-25,22381639.0,23.57%,3.46%,2254614.0
2022-10-26,15067029.0,21.56%,0.66%,-7314610.0
2022-10-27,13714667.0,20.81%,0.61%,-1352362.0
2022-10-28,12100780.0,21.44%,0.55%,-1613887.0
2022-10-29,11849363.0,19.81%,0.36%,-251417.0
2022-10-30,14561144.0,20.41%,0.34%,2711781.0
2022-10-31,12689026.0,19.49%,0.35%,-1872118.0
2022-11-01,16703680.0,23.85%,1.50%,4014654.0
2022-11-02,15827022.0,20.76%,0.94%,-876658.0
2022-11-03,16154319.0,21.85%,0.92%,327297.0
2022-11-04,14707212.0,20.17%,0.88%,-1447107.0
2022-11-05,14877530.0,17.85%,0.41%,170318.0
2022-11-06,18835528.0,16.40%,0.31%,3957998.0
2022-11-07,16094516.0,17.11%,0.30%,-2741012.0
2022-11-08,15589508.0,16.64%,0.29%,-505008.0
2022-11-09,16608320.0,18.72%,0.74%,1018812.0
2022-11-10,20393266.0,16.69%,9.15%,3784946.0
2022-11-11,23046053.0,18.83%,9.89%,2652787.0
2022-11-12,12381161.0,19.89%,0.60%,-10664892.0
2022-11-13,16422782.0,17.62%,0.27%,4041621.0
2022-11-14,14691326.0,14.98%,0.27%,-1731456.0
2022-11-15,14671955.0,15.93%,0.25%,-19371.0
2022-11-16,15136541.0,17.24%,0.42%,464586.0
2022-11-17,20843349.0,28.38%,0.54%,5706808.0
2022-11-18,23903931.0,28.17%,0.43%,3060582.0
2022-11-19,25046318.0,28.17%,0.39%,1142387.0
2022-11-20,32605348.0,28.60%,0.41%,7559030.0
2022-11-21,25330460.0,27.23%,0.42%,-7274888.0
2022-11-22,26303687.0,28.51%,0.41%,973227.0
2022-11-23,26406156.0,28.69%,0.53%,102469.0
2022-11-24,38219136.0,33.84%,0.53%,11812980.0
2022-11-25,66115724.0,33.12%,0.44%,27896588.0
2022-11-26,26934947.0,30.41%,0.38%,-39180777.0
2022-11-27,31890868.0,29.75%,0.35%,4955921.0
2022-11-28,32100918.0,25.27%,8.93%,210050.0
2022-11-29,14314613.0,19.54%,0.26%,-17786305.0
2022-11-30,15026662.0,17.10%,0.32%,712049.0
